"Date","Price","Open","High","Low","Vol.","Change %"
"02/22/2023","50.570","50.570","50.570","50.570","","4.18%"
"02/21/2023","48.540","50.800","50.800","50.800","0.00K","-1.03%"
"02/17/2023","49.045","49.700","49.700","49.500","0.00K","-5.70%"
"02/16/2023","52.010","54.000","54.000","54.000","0.01K","-4.94%"
"02/15/2023","54.715","54.200","54.200","54.200","0.00K","4.45%"
"02/14/2023","52.385","52.000","52.000","52.000","0.00K","1.32%"
"02/13/2023","51.705","51.705","51.705","51.705","","-4.15%"
"02/10/2023","53.945","53.250","53.250","53.250","0.00K","2.29%"
"02/09/2023","52.735","52.735","52.735","52.735","","-1.77%"
"02/08/2023","53.685","53.685","53.685","53.685","","-3.10%"
"02/07/2023","55.405","57.400","57.700","55.500","0.01K","-4.65%"
"02/06/2023","58.110","58.110","58.110","58.110","","0.38%"
"02/03/2023","57.890","58.000","59.200","57.900","0.01K","1.49%"
"02/02/2023","57.040","57.100","57.100","56.700","0.00K","-4.17%"
"02/01/2023","59.525","57.400","58.200","57.400","0.00K","3.79%"
"01/31/2023","57.350","60.200","60.200","57.400","0.01K","3.98%"
"01/30/2023","55.156","56.850","56.850","55.500","0.01K","-0.49%"
"01/27/2023","55.425","53.500","53.500","53.000","0.01K","1.11%"
"01/26/2023","54.815","56.600","56.600","56.600","0.00K","-3.26%"
"01/25/2023","56.660","57.250","57.250","56.600","0.00K","-2.76%"
"01/24/2023","58.270","58.270","58.270","58.270","","-11.71%"
"01/23/2023","66.000","65.200","65.200","64.600","0.00K","-1.35%"
"01/20/2023","66.900","66.500","66.500","66.500","0.00K","10.19%"
"01/19/2023","60.715","60.300","61.100","60.300","0.02K","-1.61%"
"01/18/2023","61.710","60.000","62.200","60.000","0.01K","2.75%"
"01/17/2023","60.060","65.000","65.000","54.500","0.01K","-7.33%"
"01/13/2023","64.810","66.300","66.300","62.800","0.01K","-2.99%"
"01/12/2023","66.810","69.600","69.600","67.600","0.01K","2.24%"
"01/11/2023","65.345","67.595","67.595","65.500","0.01K","-6.74%"
"01/10/2023","70.070","73.000","76.000","70.200","0.02K","-5.69%"
"01/09/2023","74.300","71.050","75.400","70.100","0.01K","6.85%"
"01/06/2023","69.535","72.000","76.000","68.000","0.01K","-3.98%"
"01/05/2023","72.420","72.420","72.420","72.420","","11.38%"
"01/04/2023","65.020","65.020","65.020","65.020","","-10.09%"
"01/03/2023","72.315","72.315","72.315","72.315","","-5.24%"
"12/30/2022","76.315","76.315","76.315","76.315","","-8.96%"
"12/29/2022","83.830","83.830","83.830","83.830","","3.05%"
"12/28/2022","81.350","81.350","81.350","81.350","","1.63%"
"12/27/2022","80.045","80.045","80.045","80.045","","-3.53%"
"12/23/2022","82.975","82.975","82.975","82.975","","-9.75%"
"12/22/2022","91.940","91.940","91.940","91.940","","-5.94%"
"12/21/2022","97.750","97.750","97.750","97.750","","-7.51%"
"12/20/2022","105.690","105.690","105.690","105.690","","-2.63%"
"12/19/2022","108.545","108.545","108.545","108.545","","-5.98%"
"12/16/2022","115.450","115.450","115.450","115.450","","-14.33%"
"12/15/2022","134.765","134.765","134.765","134.765","","2.48%"
"12/14/2022","131.510","131.510","131.510","131.510","","-4.38%"
"12/13/2022","137.530","137.530","137.530","137.530","","0.69%"
"12/12/2022","136.590","136.590","136.590","136.590","","-1.82%"
"12/09/2022","139.115","139.115","139.115","139.115","","0.16%"
"12/08/2022","138.895","138.895","138.895","138.895","","-6.93%"
"12/07/2022","149.245","149.245","149.245","149.245","","7.77%"
"12/06/2022","138.490","138.490","138.490","138.490","","2.81%"
"12/05/2022","134.700","134.700","134.700","134.700","","-0.63%"
"12/02/2022","135.560","135.560","135.560","135.560","","-2.66%"
"12/01/2022","139.260","139.260","139.260","139.260","","-4.87%"
"11/30/2022","146.395","146.395","146.395","146.395","","10.67%"
"11/29/2022","132.286","132.286","132.286","132.286","","7.31%"
"11/28/2022","123.280","123.280","123.280","123.280","","-0.88%"
"11/25/2022","124.370","124.370","124.370","124.370","","-4.05%"
"11/23/2022","129.620","129.620","129.620","129.620","","8.34%"
"11/22/2022","119.640","119.640","119.640","119.640","","3.02%"
"11/21/2022","116.130","116.130","116.130","116.130","","0.54%"
"11/18/2022","115.510","115.510","115.510","115.510","","2.63%"
"11/17/2022","112.555","112.555","112.555","112.555","","-1.18%"
"11/16/2022","113.900","113.900","113.900","113.900","","-8.22%"
"11/15/2022","124.105","124.105","124.105","124.105","","9.15%"
"11/14/2022","113.705","113.705","113.705","113.705","","16.20%"
"11/11/2022","97.855","97.855","97.855","97.855","","-13.75%"
"11/10/2022","113.450","113.450","113.450","113.450","","0.27%"
"11/09/2022","113.145","113.145","113.145","113.145","","-4.23%"
"11/08/2022","118.145","118.145","118.145","118.145","","7.71%"
"11/07/2022","109.685","109.685","109.685","109.685","","-4.44%"
"11/04/2022","114.785","114.785","114.785","114.785","","-8.50%"
"11/03/2022","125.445","125.445","125.445","125.445","","-0.33%"
"11/02/2022","125.865","125.865","125.865","125.865","","8.32%"
"11/01/2022","116.195","116.195","116.195","116.195","","-5.80%"
"10/31/2022","123.350","123.350","123.350","123.350","","9.89%"
"10/28/2022","112.244","112.244","112.244","112.244","","4.52%"
"10/27/2022","107.385","107.385","107.385","107.385","","2.94%"
"10/26/2022","104.320","104.320","104.320","104.320","","4.53%"
"10/25/2022","99.795","99.795","99.795","99.795","","0.63%"
"10/24/2022","99.170","99.170","99.170","99.170","","-12.68%"
"10/21/2022","113.575","113.575","113.575","113.575","","-10.67%"
"10/20/2022","127.145","127.145","127.145","127.145","","13.01%"
"10/19/2022","112.510","112.510","112.510","112.510","","-0.63%"
"10/18/2022","113.220","113.220","113.220","113.220","","-11.53%"
"10/17/2022","127.980","127.980","127.980","127.980","","-9.87%"
"10/14/2022","141.995","141.995","141.995","141.995","","-7.68%"
"10/13/2022","153.810","153.810","153.810","153.810","","-3.98%"
"10/12/2022","160.190","160.190","160.190","160.190","","2.18%"
"10/11/2022","156.780","156.780","156.780","156.780","","1.73%"
"10/10/2022","154.120","154.120","154.120","154.120","","-1.33%"
"10/07/2022","156.205","156.205","156.205","156.205","","-11.10%"
"10/06/2022","175.710","175.710","175.710","175.710","","1.16%"
"10/05/2022","173.695","173.695","173.695","173.695","","7.25%"
"10/04/2022","161.950","161.950","161.950","161.950","","-4.68%"
"10/03/2022","169.910","169.910","169.910","169.910","","-10.01%"
"09/30/2022","188.800","188.800","188.800","188.800","","0.60%"
"09/29/2022","187.665","187.665","187.665","187.665","","-9.42%"
"09/28/2022","207.185","207.185","207.185","207.185","","11.33%"
"09/27/2022","186.100","186.100","186.100","186.100","","7.06%"
"09/26/2022","173.835","173.835","173.835","173.835","","-6.29%"
"09/23/2022","185.495","185.495","185.495","185.495","","-1.05%"
"09/22/2022","187.470","187.470","187.470","187.470","","-1.22%"
"09/21/2022","189.780","189.780","189.780","189.780","","-2.31%"
"09/20/2022","194.260","194.260","194.260","194.260","","6.58%"
"09/19/2022","182.260","182.260","182.260","182.260","","-2.95%"
"09/16/2022","187.795","187.795","187.795","187.795","","-12.36%"
"09/15/2022","214.285","214.285","214.285","214.285","0.01K","-1.65%"
"09/14/2022","217.880","217.880","217.880","217.880","","9.70%"
"09/13/2022","198.610","198.610","198.610","198.610","","4.21%"
"09/12/2022","190.590","190.590","190.590","190.590","","-7.97%"
"09/09/2022","207.090","207.090","207.090","207.090","","-6.10%"
"09/08/2022","220.540","220.540","220.540","220.540","","3.11%"
"09/07/2022","213.885","213.885","213.885","213.885","","-10.82%"
"09/06/2022","239.840","239.840","239.840","239.840","","11.73%"
"09/02/2022","214.665","214.665","214.665","214.665","","-11.66%"
"09/01/2022","243.005","243.005","243.005","243.005","","1.29%"
"08/31/2022","239.905","239.905","239.905","239.905","","-5.15%"
"08/30/2022","252.937","252.937","252.937","252.937","","-7.21%"
"08/29/2022","272.605","272.605","272.605","272.605","","-19.63%"
"08/26/2022","339.195","339.195","339.195","339.195","","5.53%"
"08/25/2022","321.415","321.415","321.415","321.415","","10.02%"
"08/24/2022","292.150","292.150","292.150","292.150","","8.59%"
"08/23/2022","269.050","269.050","269.050","269.050","","-2.78%"
"08/22/2022","276.750","276.750","276.750","276.750","","13.17%"
"08/19/2022","244.550","244.550","244.550","244.550","","1.47%"
"08/18/2022","241.005","241.005","241.005","241.005","","6.72%"
"08/17/2022","225.835","225.835","225.835","225.835","","-0.04%"
"08/16/2022","225.915","225.915","225.915","225.915","","2.64%"
"08/15/2022","220.110","220.110","220.110","220.110","","6.79%"
"08/12/2022","206.110","206.110","206.110","206.110","","-0.96%"
"08/11/2022","208.110","208.110","208.110","208.110","","1.34%"
"08/10/2022","205.365","205.365","205.365","205.365","","6.86%"
"08/09/2022","192.185","192.185","192.185","192.185","","-0.45%"
"08/08/2022","193.055","193.055","193.055","193.055","","-1.66%"
"08/05/2022","196.320","196.320","196.320","196.320","","-1.47%"
"08/04/2022","199.250","199.250","199.250","199.250","","0.03%"
"08/03/2022","199.195","199.195","199.195","199.195","","-2.91%"
"08/02/2022","205.175","205.175","205.175","205.175","","2.18%"
"08/01/2022","200.795","200.795","200.795","200.795","","5.18%"
"07/29/2022","190.915","190.915","190.915","190.915","","-4.03%"
"07/28/2022","198.930","198.930","198.930","198.930","","-3.07%"
"07/27/2022","205.225","205.225","205.225","205.225","","2.65%"
"07/26/2022","199.920","199.920","199.920","199.920","","13.20%"
"07/25/2022","176.615","176.615","176.615","176.615","","10.48%"
"07/22/2022","159.865","159.865","159.865","159.865","","2.74%"
"07/21/2022","155.600","155.600","155.600","155.600","","0.36%"
"07/20/2022","155.040","155.040","155.040","155.040","","0.38%"
"07/19/2022","154.455","154.455","154.455","154.455","","-1.78%"
"07/18/2022","157.260","157.260","157.260","157.260","","-1.44%"
"07/15/2022","159.565","159.565","159.565","159.565","","-8.84%"
"07/14/2022","175.035","175.035","175.035","175.035","","-3.03%"
"07/13/2022","180.505","180.505","180.505","180.505","","4.57%"
"07/12/2022","172.610","172.610","172.610","172.610","","4.92%"
"07/11/2022","164.520","164.520","164.520","164.520","","-6.10%"
"07/08/2022","175.210","175.210","175.210","175.210","","-4.35%"
"07/07/2022","183.185","183.185","183.185","183.185","","7.13%"
"07/06/2022","171.000","171.000","171.000","171.000","","3.59%"
"07/05/2022","165.075","165.075","165.075","165.075","","11.70%"
"07/01/2022","147.785","147.785","147.785","147.785","","2.26%"
"06/30/2022","144.515","144.515","144.515","144.515","","3.53%"
"06/29/2022","139.588","139.588","139.588","139.588","","8.06%"
"06/28/2022","129.175","129.175","129.175","129.175","","-0.22%"
"06/27/2022","129.460","129.460","129.460","129.460","","0.74%"
"06/24/2022","128.505","128.505","128.505","128.505","","-3.63%"
"06/23/2022","133.345","133.345","133.345","133.345","","4.86%"
"06/22/2022","127.170","127.170","127.170","127.170","","1.28%"
"06/21/2022","125.560","125.560","125.560","125.560","","6.64%"
"06/17/2022","117.740","117.740","117.740","117.740","","-5.33%"
"06/16/2022","124.365","124.365","124.365","124.365","","3.35%"
"06/15/2022","120.330","120.330","120.330","120.330","","24.00%"
"06/14/2022","97.040","97.040","97.040","97.040","","16.35%"
"06/13/2022","83.400","83.400","83.400","83.400","","1.13%"
"06/10/2022","82.465","82.465","82.465","82.465","","-2.85%"
"06/09/2022","84.880","84.880","84.880","84.880","","6.90%"
"06/08/2022","79.405","79.405","79.405","79.405","","-0.26%"
"06/07/2022","79.610","80.410","81.020","80.410","0.01K","-3.57%"
"06/06/2022","82.560","83.005","83.005","83.005","0.02K","-0.65%"
"06/03/2022","83.100","83.100","83.100","83.100","","-1.01%"
"06/02/2022","83.945","83.945","83.945","83.945","","-1.88%"
"06/01/2022","85.550","85.550","85.550","85.550","","-8.99%"
"05/31/2022","94.005","94.005","94.005","94.005","","8.21%"
"05/27/2022","86.875","86.250","86.250","86.250","0.01K","1.05%"
"05/26/2022","85.970","85.970","85.970","85.970","","-2.40%"
"05/25/2022","88.080","85.625","86.125","84.840","0.05K","4.23%"
"05/24/2022","84.505","86.875","86.875","86.875","0.01K","1.46%"
"05/23/2022","83.290","85.220","85.220","85.220","0.01K","-5.24%"
"05/20/2022","87.900","87.900","87.900","87.900","","-3.43%"
"05/19/2022","91.025","91.025","91.025","91.025","","-3.72%"
"05/18/2022","94.540","96.475","96.475","96.475","0.01K","0.39%"
"05/17/2022","94.175","94.175","94.175","94.175","","1.42%"
"05/16/2022","92.860","92.860","92.860","92.860","","-4.15%"
"05/13/2022","96.880","96.880","96.880","96.880","","-9.20%"
"05/12/2022","106.700","106.700","106.700","106.700","","13.50%"
"05/11/2022","94.010","94.010","94.010","94.010","","-4.85%"
"05/10/2022","98.800","98.800","98.800","98.800","","5.35%"
"05/09/2022","93.785","96.315","96.315","95.000","0.05K","-7.79%"
"05/06/2022","101.710","101.710","101.710","101.710","","-4.51%"
"05/05/2022","106.510","106.510","106.510","106.510","","2.59%"
"05/04/2022","103.820","103.820","103.820","103.820","","4.42%"
"05/03/2022","99.425","99.425","99.425","99.425","","2.45%"
"05/02/2022","97.050","97.050","97.050","97.050","","-2.41%"
"04/29/2022","99.450","99.450","99.450","99.450","","-0.69%"
"04/28/2022","100.142","100.142","100.142","100.142","","-6.78%"
"04/27/2022","107.425","107.425","107.425","107.425","","4.08%"
"04/26/2022","103.210","103.210","103.210","103.210","","11.18%"
"04/25/2022","92.835","92.835","92.835","92.835","","-2.15%"
"04/22/2022","94.875","94.875","94.875","94.875","","-5.18%"
"04/21/2022","100.060","100.060","100.060","100.060","","6.19%"
"04/20/2022","94.230","96.750","96.750","96.750","0.00K","0.49%"
"04/19/2022","93.770","93.770","93.770","93.770","","-1.93%"
"04/18/2022","95.620","95.620","95.620","95.620","","0.00%"
"04/14/2022","95.620","95.620","95.620","95.620","","-9.21%"
"04/13/2022","105.325","105.325","105.325","105.325","","3.04%"
"04/12/2022","102.220","103.750","103.750","103.750","0.00K","2.08%"
"04/11/2022","100.135","100.135","100.135","100.135","","-3.61%"
"04/08/2022","103.880","103.880","103.880","103.880","","-0.66%"
"04/07/2022","104.565","104.565","104.565","104.565","","-2.08%"
"04/06/2022","106.790","106.790","106.790","106.790","","-1.63%"
"04/05/2022","108.565","108.140","108.140","108.140","0.00K","-0.88%"
"04/04/2022","109.525","109.525","109.525","109.525","0.01K","-2.34%"
"04/01/2022","112.150","114.750","114.750","114.750","0.03K","-10.92%"
"03/31/2022","125.905","125.905","125.905","125.905","","5.83%"
"03/30/2022","118.970","118.970","118.970","118.970","","9.77%"
"03/29/2022","108.380","108.380","108.380","108.380","0.38K","5.69%"
"03/28/2022","102.545","97.600","97.600","97.600","0.00K","1.26%"
"03/25/2022","101.270","101.270","101.270","101.270","0.04K","-9.26%"
"03/24/2022","111.610","116.000","116.000","116.000","0.03K","-4.61%"
"03/23/2022","117.000","117.000","117.000","117.000","","18.49%"
"03/22/2022","98.745","98.745","98.745","98.745","0.01K","2.54%"
"03/21/2022","96.302","98.720","98.720","98.720","0.01K","-8.32%"
"03/18/2022","105.045","105.045","105.045","105.045","0.01K","-0.04%"
"03/17/2022","105.090","110.500","110.500","105.250","0.02K","2.40%"
"03/16/2022","102.625","102.625","102.625","102.625","","-11.10%"
"03/15/2022","115.440","121.690","121.690","121.690","0.00K","0.80%"
"03/14/2022","114.520","114.520","114.520","114.520","0.00K","-12.73%"
"03/11/2022","131.230","131.230","131.230","131.230","","3.82%"
"03/10/2022","126.400","126.400","126.400","126.400","","-18.91%"
"03/09/2022","155.880","155.880","155.880","155.880","","-27.35%"
"03/08/2022","214.555","214.555","214.555","214.555","","-5.57%"
"03/07/2022","227.200","227.200","227.200","227.200","0.01K","18.00%"
"03/04/2022","192.550","192.550","192.550","192.550","0.02K","19.73%"
"03/03/2022","160.825","148.000","148.000","147.490","0.01K","-2.85%"
"03/02/2022","165.545","165.545","165.545","165.545","0.00K","36.06%"
"03/01/2022","121.675","103.665","119.270","103.665","0.43K","23.41%"
"02/28/2022","98.595","116.490","116.490","104.470","0.03K","4.42%"
"02/25/2022","94.422","94.422","94.422","94.422","0.10K","-29.70%"
"02/24/2022","134.315","106.100","135.000","106.100","0.00K","51.10%"
"02/23/2022","88.890","83.175","88.000","83.175","0.04K","11.40%"
"02/22/2022","79.790","71.525","80.345","71.525","0.37K","11.25%"
"02/21/2022","71.720","71.525","75.465","71.525","0.09K","-2.77%"
"02/18/2022","73.760","72.975","73.900","70.570","0.05K","-1.54%"
"02/17/2022","74.915","73.350","75.150","71.340","0.05K","7.34%"
"02/16/2022","69.795","69.095","71.000","68.970","0.10K","-1.59%"
"02/15/2022","70.920","76.060","76.170","68.515","0.13K","-12.20%"
"02/14/2022","80.770","83.600","83.600","79.695","0.30K","4.32%"
"02/11/2022","77.425","73.415","76.400","73.305","0.17K","4.13%"
"02/10/2022","74.355","74.030","74.680","72.470","0.15K","-0.08%"
"02/09/2022","74.415","76.695","76.695","73.835","0.07K","-3.73%"
"02/08/2022","77.300","81.480","82.000","75.480","0.32K","-2.88%"
"02/07/2022","79.595","78.800","79.740","77.850","0.07K","-3.70%"
"02/04/2022","82.650","81.470","82.450","81.470","0.10K","3.02%"
"02/03/2022","80.225","79.600","80.100","77.010","0.33K","3.72%"
"02/02/2022","77.350","77.150","79.100","76.290","0.38K","1.56%"
"02/01/2022","76.165","78.300","78.380","74.800","0.48K","-10.04%"
"01/31/2022","84.670","84.850","84.850","84.850","0.00K","-8.03%"
"01/28/2022","92.062","92.062","92.062","92.062","0.06K","-0.26%"
"01/27/2022","92.300","92.250","92.900","90.310","0.33K","0.51%"
"01/26/2022","91.835","89.395","92.445","89.395","0.07K","-1.86%"
"01/25/2022","93.580","92.385","95.510","92.385","0.05K","0.62%"
"01/24/2022","93.000","88.605","93.600","88.605","0.07K","17.75%"
"01/21/2022","78.980","74.765","81.815","74.765","0.05K","5.02%"
"01/20/2022","75.205","71.000","75.590","71.000","0.05K","-0.52%"
"01/19/2022","75.600","73.950","76.500","71.420","0.05K","-3.49%"
"01/18/2022","78.335","83.275","84.600","74.890","0.13K","0.15%"
"01/17/2022","78.220","84.600","84.600","74.890","0.08K","-10.06%"
"01/14/2022","86.970","89.000","91.800","85.700","0.12K","1.77%"
"01/13/2022","85.460","72.000","85.980","72.000","0.14K","13.71%"
"01/12/2022","75.155","82.250","82.250","73.400","0.09K","-4.55%"
"01/11/2022","78.735","81.225","82.050","80.000","0.04K","-6.94%"
"01/10/2022","84.605","86.500","90.400","84.460","0.07K","-4.05%"
"01/07/2022","88.175","95.800","96.270","86.580","0.03K","-8.63%"
"01/06/2022","96.500","95.265","97.020","93.300","0.07K","5.44%"
"01/05/2022","91.520","95.700","95.700","88.385","0.14K","3.13%"
"01/04/2022","88.740","85.000","96.625","85.000","0.31K","10.33%"
"01/03/2022","80.435","80.435","80.435","80.435","","14.34%"
"12/31/2021","70.345","82.000","82.000","67.365","0.08K","-19.17%"
"12/30/2021","87.027","94.350","94.350","88.050","0.09K","-9.79%"
"12/29/2021","96.475","99.000","104.600","99.000","0.07K","-9.49%"
"12/28/2021","106.590","106.590","106.590","106.590","0.00K","-0.29%"
"12/27/2021","106.895","100.000","105.500","100.000","0.01K","-19.37%"
"12/23/2021","132.580","158.300","158.300","129.360","0.08K","-23.31%"
"12/22/2021","172.875","174.300","176.655","172.720","0.04K","-4.10%"
"12/21/2021","180.265","157.700","174.800","157.700","0.51K","22.69%"
"12/20/2021","146.925","140.820","148.505","139.400","0.41K","7.31%"
"12/17/2021","136.915","124.500","139.500","124.500","0.68K","-4.10%"
"12/16/2021","142.765","128.710","143.000","126.190","0.85K","7.92%"
"12/15/2021","132.285","131.100","132.405","120.600","1.02K","3.11%"
"12/14/2021","128.300","118.950","129.065","116.775","0.64K","10.52%"
"12/13/2021","116.085","115.400","118.625","112.440","0.47K","9.75%"
"12/10/2021","105.775","101.605","107.750","100.830","0.24K","5.31%"
"12/09/2021","100.445","98.500","104.350","97.170","0.42K","-1.04%"
"12/08/2021","101.500","98.600","103.835","98.600","0.36K","5.86%"
"12/07/2021","95.885","95.000","95.880","94.595","0.24K","6.62%"
"12/06/2021","89.930","86.600","90.275","86.600","0.09K","0.50%"
"12/03/2021","89.480","91.590","92.050","89.620","0.09K","-5.64%"
"12/02/2021","94.830","91.600","92.460","89.200","0.17K","-0.88%"
"12/01/2021","95.675","92.600","95.100","92.600","0.29K","3.42%"
"11/30/2021","92.515","98.000","98.000","95.015","0.03K","-0.68%"
"11/29/2021","93.146","94.250","94.250","92.450","0.22K","6.12%"
"11/26/2021","87.772","92.450","94.400","87.750","0.08K","-5.92%"
"11/25/2021","93.300","93.300","93.300","93.300","","-0.73%"
"11/24/2021","93.985","93.850","93.850","93.850","0.01K","3.37%"
"11/23/2021","90.925","86.950","91.400","86.950","0.04K","8.22%"
"11/22/2021","84.015","84.250","86.020","81.950","0.06K","-3.57%"
"11/19/2021","87.125","91.125","91.125","86.000","0.01K","-8.45%"
"11/18/2021","95.165","93.600","95.300","91.365","0.04K","0.17%"
"11/17/2021","95.005","97.990","99.850","95.085","0.05K","0.87%"
"11/16/2021","94.190","84.380","91.490","84.380","0.06K","17.82%"
"11/15/2021","79.945","78.295","82.095","78.285","0.05K","5.64%"
"11/12/2021","75.675","77.770","77.770","74.060","0.03K","1.18%"
"11/11/2021","74.790","72.000","75.100","72.000","0.01K","6.65%"
"11/10/2021","70.125","66.710","70.370","64.505","0.06K","-3.39%"
"11/09/2021","72.585","76.500","76.900","74.005","0.03K","-8.21%"
"11/08/2021","79.075","80.770","80.770","77.005","0.05K","6.82%"
"11/05/2021","74.025","73.160","74.640","73.030","0.08K","0.89%"
"11/04/2021","73.375","77.525","77.525","72.815","0.06K","-4.14%"
"11/03/2021","76.540","73.520","80.045","73.520","0.07K","13.22%"
"11/02/2021","67.605","65.175","70.665","62.840","0.06K","3.02%"
"11/01/2021","65.620","63.590","65.750","63.590","0.01K","1.16%"
"10/29/2021","64.865","72.620","72.620","70.000","0.02K","-15.79%"
"10/28/2021","77.032","78.000","80.600","78.000","0.03K","-11.27%"
"10/27/2021","86.820","86.300","86.950","86.000","0.05K","-1.89%"
"10/26/2021","88.495","90.150","90.200","87.800","0.06K","-0.17%"
"10/25/2021","88.645","91.000","91.000","88.000","0.06K","1.49%"
"10/22/2021","87.340","88.610","88.700","87.000","0.09K","-1.27%"
"10/21/2021","88.465","90.645","90.660","87.815","0.04K","-5.33%"
"10/20/2021","93.450","94.395","94.395","92.750","0.02K","3.91%"
"10/19/2021","89.930","92.150","93.935","89.425","0.06K","-4.26%"
"10/18/2021","93.935","89.350","100.400","89.350","0.04K","0.30%"
"10/15/2021","93.650","104.000","104.000","92.570","0.15K","-8.34%"
"10/14/2021","102.170","102.150","102.255","96.730","0.08K","9.14%"
"10/13/2021","93.615","91.375","94.610","90.290","0.24K","9.24%"
"10/12/2021","85.700","86.310","87.395","85.000","0.60K","0.57%"
"10/11/2021","85.215","92.000","92.135","83.500","0.23K","-2.73%"
"10/08/2021","87.605","95.000","95.675","83.700","0.15K","-9.30%"
"10/07/2021","96.585","89.260","109.470","89.260","0.08K","-10.73%"
"10/06/2021","108.190","131.025","132.930","101.555","0.18K","-6.75%"
"10/05/2021","116.020","95.000","105.610","83.620","0.17K","20.04%"
"10/04/2021","96.650","96.400","99.760","94.235","0.17K","3.23%"
"10/01/2021","93.625","94.665","97.590","93.105","0.20K","-4.24%"
"09/30/2021","97.775","94.920","96.300","93.180","0.05K","12.89%"
"09/29/2021","86.609","86.500","86.500","86.500","0.08K","10.24%"
"09/28/2021","78.565","83.000","84.150","78.950","0.08K","2.69%"
"09/27/2021","76.505","75.000","76.970","75.000","0.28K","8.92%"
"09/24/2021","70.240","68.300","70.890","68.255","0.35K","0.80%"
"09/23/2021","69.685","68.000","70.710","68.000","0.61K","-2.80%"
"09/22/2021","71.690","70.100","72.655","69.925","0.71K","-2.83%"
"09/21/2021","73.780","72.525","75.105","71.250","0.36K","-2.04%"
"09/20/2021","75.315","65.725","75.380","69.805","0.35K","15.69%"
"09/17/2021","65.103","66.750","66.775","62.850","0.38K","2.93%"
"09/16/2021","63.250","68.535","68.535","60.760","0.34K","-10.54%"
"09/15/2021","70.705","71.925","77.275","69.725","0.62K","7.51%"
"09/14/2021","65.765","64.550","66.395","64.550","1.13K","7.32%"
"09/13/2021","61.280","59.350","62.250","59.350","1.02K","5.81%"
"09/10/2021","57.916","56.000","57.995","55.775","1.18K","2.36%"
"09/09/2021","56.580","55.600","57.230","54.730","1.06K","2.33%"
"09/08/2021","55.290","54.175","55.575","53.560","1.43K","2.56%"
"09/07/2021","53.910","53.075","54.185","51.285","2.16K","4.67%"
"09/03/2021","51.505","51.800","52.550","51.290","1.29K","-0.79%"
"09/02/2021","51.915","50.985","52.595","49.715","1.32K","3.35%"
"09/01/2021","50.230","52.250","52.900","49.600","2.05K","-0.22%"
"08/31/2021","50.340","48.580","50.470","48.580","0.20K","1.33%"
"08/30/2021","49.680","48.850","49.430","48.700","0.09K","3.92%"
"08/27/2021","47.806","47.806","47.806","47.806","","4.40%"
"08/26/2021","45.790","44.215","45.845","44.200","0.32K","1.12%"
"08/25/2021","45.285","45.830","46.130","44.775","1.00K","0.92%"
"08/24/2021","44.870","43.625","45.070","43.625","0.16K","7.65%"
"08/23/2021","41.680","42.275","43.535","40.610","0.59K","-0.63%"
"08/20/2021","41.944","41.570","42.625","40.900","0.52K","3.83%"
"08/19/2021","40.395","44.375","44.480","40.100","0.80K","-10.99%"
"08/18/2021","45.385","46.395","47.525","42.795","0.63K","-3.33%"
"08/17/2021","46.950","46.855","47.975","46.675","0.52K","-2.17%"
"08/16/2021","47.990","46.250","48.215","46.250","0.42K","7.53%"
"08/13/2021","44.630","44.415","45.400","44.375","0.76K","-2.70%"
"08/12/2021","45.870","46.150","46.525","45.325","0.77K","-0.25%"
"08/11/2021","45.985","44.975","46.525","44.575","0.52K","2.98%"
"08/10/2021","44.655","44.390","45.025","44.215","0.89K","4.37%"
"08/09/2021","42.785","43.095","43.570","42.450","1.22K","-0.78%"
"08/06/2021","43.120","43.900","44.570","42.675","1.14K","0.51%"
"08/05/2021","42.900","41.570","43.200","41.195","1.26K","1.53%"
"08/04/2021","42.255","41.540","42.260","41.540","0.78K","2.45%"
"08/03/2021","41.245","41.590","42.180","41.120","0.93K","-2.16%"
"08/02/2021","42.155","42.100","42.690","41.815","1.36K","3.44%"
"07/30/2021","40.755","40.510","40.855","39.420","0.39K","-0.97%"
"07/29/2021","41.154","40.350","40.880","40.050","0.72K","3.66%"
"07/28/2021","39.700","38.465","39.715","38.415","0.51K","5.61%"
"07/27/2021","37.590","37.695","37.705","37.260","0.56K","1.83%"
"07/26/2021","36.915","36.140","37.025","35.910","0.17K","3.91%"
"07/23/2021","35.525","35.815","35.940","35.100","0.53K","-1.67%"
"07/22/2021","36.130","35.675","36.435","35.650","0.59K","0.50%"
"07/21/2021","35.950","35.500","36.200","35.460","0.37K","2.23%"
"07/20/2021","35.165","35.095","35.315","34.625","0.52K","-1.36%"
"07/19/2021","35.650","36.450","36.810","35.615","0.42K","2.32%"
"07/16/2021","34.840","35.100","35.525","34.600","0.46K","3.09%"
"07/15/2021","33.795","34.200","34.605","33.610","0.46K","-2.82%"
"07/14/2021","34.775","34.835","35.175","33.405","0.62K","-1.95%"
"07/13/2021","35.465","34.305","35.835","34.145","0.94K","2.35%"
"07/12/2021","34.650","35.235","36.150","34.395","1.14K","-5.41%"
"07/09/2021","36.632","35.840","36.850","35.565","0.66K","9.97%"
"07/08/2021","33.310","32.290","33.875","31.470","1.19K","3.00%"
"07/07/2021","32.340","34.315","36.230","32.345","1.15K","-5.18%"
"07/06/2021","34.105","37.250","38.365","33.080","1.43K","-4.81%"
"07/02/2021","35.827","34.925","36.870","34.925","1.21K","-0.88%"
"07/01/2021","36.145","35.500","36.955","35.450","0.63K","4.40%"
"06/30/2021","34.620","33.875","34.925","33.740","1.46K","3.39%"
"06/29/2021","33.486","32.855","33.825","32.855","0.30K","3.70%"
"06/28/2021","32.290","32.100","32.380","31.750","0.79K","-0.29%"
"06/25/2021","32.385","31.950","32.400","31.950","0.55K","1.16%"
"06/24/2021","32.015","31.550","32.025","31.410","0.95K","1.49%"
"06/23/2021","31.545","31.350","31.685","30.565","0.55K","2.64%"
"06/22/2021","30.735","30.050","30.835","29.990","0.59K","3.78%"
"06/21/2021","29.615","29.970","30.200","29.305","0.70K","0.71%"
"06/18/2021","29.405","28.935","29.610","28.800","0.60K","3.87%"
"06/17/2021","28.310","27.800","28.670","27.700","1.08K","1.00%"
"06/16/2021","28.030","28.000","28.775","27.740","1.30K","-0.37%"
"06/15/2021","28.135","28.300","28.705","27.910","1.01K","-2.34%"
"06/14/2021","28.810","29.100","29.315","28.575","0.86K","3.47%"
"06/11/2021","27.845","28.500","28.595","27.700","0.46K","-2.93%"
"06/10/2021","28.685","28.275","28.725","27.705","0.68K","1.36%"
"06/09/2021","28.300","27.900","28.425","27.805","0.69K","1.80%"
"06/08/2021","27.800","27.475","27.850","27.350","0.64K","4.95%"
"06/07/2021","26.490","25.900","26.665","25.900","0.36K","2.69%"
"06/04/2021","25.795","25.750","26.025","25.450","0.41K","0.35%"
"06/03/2021","25.705","26.250","26.250","25.675","0.47K","-0.08%"
"06/02/2021","25.725","25.700","26.100","25.280","1.03K","-0.96%"
"06/01/2021","25.975","25.180","26.230","25.180","0.77K","4.19%"
"05/28/2021","24.930","25.100","25.200","24.620","0.40K","-1.07%"
"05/27/2021","25.200","25.645","26.100","25.275","0.56K","-4.64%"
"05/26/2021","26.425","26.775","26.915","26.400","0.71K","0.90%"
"05/25/2021","26.190","25.250","26.150","25.250","0.86K","5.78%"
"05/24/2021","24.760","24.475","24.850","24.455","0.40K","-0.14%"
"05/21/2021","24.795","25.300","25.550","24.600","0.98K","0.45%"
"05/20/2021","24.685","23.100","24.565","23.050","0.94K","8.91%"
"05/19/2021","22.665","24.050","24.125","22.570","1.00K","-8.65%"
"05/18/2021","24.810","25.400","25.775","24.645","1.31K","-5.70%"
"05/17/2021","26.310","26.100","26.630","25.700","1.23K","-1.94%"
"05/14/2021","26.830","26.350","26.875","26.350","0.67K","2.21%"
"05/13/2021","26.250","25.750","26.300","24.975","1.37K","-0.64%"
"05/12/2021","26.420","26.440","26.450","25.800","1.12K","2.38%"
"05/11/2021","25.805","24.800","25.995","24.750","0.97K","2.44%"
"05/10/2021","25.190","25.175","25.200","24.825","1.09K","5.22%"
"05/07/2021","23.940","24.225","24.225","23.875","0.69K","-1.60%"
"05/06/2021","24.330","24.130","24.950","24.130","1.08K","1.54%"
"05/05/2021","23.960","23.400","23.965","23.325","0.63K","3.95%"
"05/04/2021","23.050","24.105","24.105","22.995","0.72K","-3.21%"
"05/03/2021","23.815","23.815","23.815","23.815","","2.28%"
"04/30/2021","23.285","22.965","23.320","22.730","0.77K","3.49%"
"04/29/2021","22.500","21.665","22.575","21.575","0.47K","4.38%"
"04/28/2021","21.555","21.790","22.020","21.550","0.71K","0.70%"
"04/27/2021","21.405","19.930","21.500","19.750","0.74K","7.03%"
"04/26/2021","20.000","20.200","20.460","19.975","0.95K","-0.22%"
"04/23/2021","20.045","20.800","20.800","19.710","0.18K","-6.20%"
"04/22/2021","21.370","21.300","21.540","21.300","0.46K","1.23%"
"04/21/2021","21.110","21.015","21.250","20.850","2.02K","0.21%"
"04/20/2021","21.065","20.850","21.335","20.675","1.40K","0.60%"
"04/19/2021","20.940","20.875","21.120","20.850","1.43K","1.95%"
"04/16/2021","20.540","20.625","20.800","20.500","0.43K","1.38%"
"04/15/2021","20.260","19.900","20.385","19.850","0.60K","2.95%"
"04/14/2021","19.680","19.600","19.775","19.600","2.03K","0.87%"
"04/13/2021","19.510","19.720","19.850","19.470","1.16K","-0.71%"
"04/12/2021","19.650","19.395","19.725","19.260","1.48K","3.75%"
"04/09/2021","18.940","19.350","19.365","18.900","1.18K","-0.26%"
"04/08/2021","18.990","19.325","19.450","18.975","0.63K","-1.53%"
"04/07/2021","19.285","19.650","19.725","19.175","0.83K","-2.50%"
"04/06/2021","19.780","19.745","19.825","19.600","0.39K","3.18%"
"04/05/2021","19.170","19.170","19.170","19.170","","0.00%"
"04/01/2021","19.170","19.000","19.275","19.000","","0.92%"
"03/31/2021","18.995","19.050","19.170","18.700","0.48K","1.01%"
"03/30/2021","18.805","18.200","18.850","18.200","0.78K","1.95%"
"03/29/2021","18.445","18.260","18.595","18.125","0.82K","-1.36%"
"03/26/2021","18.700","18.600","18.820","18.575","1.21K","1.82%"
"03/25/2021","18.365","18.600","18.600","18.275","1.49K","-1.21%"
"03/24/2021","18.590","18.650","18.825","18.025","1.96K","1.09%"
"03/23/2021","18.390","17.850","18.400","17.625","1.76K","1.91%"
"03/22/2021","18.045","17.270","18.075","17.270","1.81K","4.52%"
"03/19/2021","17.265","17.350","17.500","17.235","1.14K","-2.79%"
"03/18/2021","17.760","18.160","18.400","17.500","0.90K","-1.17%"
"03/17/2021","17.970","17.450","18.110","17.450","0.64K","1.76%"
"03/16/2021","17.660","17.830","17.830","17.275","0.82K","-1.51%"
"03/15/2021","17.930","18.170","18.880","17.870","0.88K","-2.82%"
"03/12/2021","18.450","17.970","18.565","17.930","0.71K","1.79%"
"03/11/2021","18.125","17.475","18.155","17.475","1.18K","2.81%"
"03/10/2021","17.630","17.150","17.700","17.150","0.59K","4.17%"
"03/09/2021","16.925","16.375","16.975","16.375","0.46K","4.80%"
"03/08/2021","16.150","16.550","16.550","16.125","0.75K","-1.31%"
"03/05/2021","16.365","15.850","16.450","15.775","0.58K","2.73%"
"03/04/2021","15.930","15.590","15.975","15.575","0.53K","2.61%"
"03/03/2021","15.525","15.600","15.680","15.500","0.46K","-2.17%"
"03/02/2021","15.870","16.005","16.030","15.800","0.60K","-1.31%"
"03/01/2021","16.080","16.000","16.100","15.925","0.36K","2.45%"
"02/26/2021","15.695","15.950","15.975","15.550","0.44K","-1.51%"
"02/25/2021","15.935","16.400","16.400","16.065","0.42K","-2.72%"
"02/24/2021","16.380","16.125","16.350","16.050","0.77K","0.80%"
"02/23/2021","16.250","16.100","16.400","16.050","0.42K","1.82%"
"02/22/2021","15.960","16.250","16.250","15.825","0.50K","-3.59%"
"02/19/2021","16.555","17.325","17.450","16.465","0.77K","-4.47%"
"02/18/2021","17.330","16.900","17.350","16.840","1.00K","4.78%"
"02/17/2021","16.540","17.150","17.300","16.400","1.08K","-1.05%"
"02/16/2021","16.715","16.750","16.950","16.350","1.31K","-5.14%"
"02/12/2021","17.620","17.070","17.650","16.950","0.60K","1.41%"
"02/11/2021","17.375","18.150","18.150","17.375","1.63K","-6.38%"
"02/10/2021","18.560","18.850","19.025","18.450","0.51K","-2.55%"
"02/09/2021","19.045","18.855","19.305","18.750","0.58K","-5.62%"
"02/08/2021","20.180","20.375","20.375","19.600","0.48K","9.79%"
"02/05/2021","18.380","18.550","18.900","18.300","1.05K","1.43%"
"02/04/2021","18.120","17.850","18.350","17.750","0.80K","1.48%"
"02/03/2021","17.855","17.650","17.750","17.350","0.43K","-2.16%"
"02/02/2021","18.250","18.200","18.500","18.105","0.35K","0.61%"
"02/01/2021","18.140","19.050","19.050","17.875","0.84K","-8.48%"
"01/29/2021","19.820","20.600","20.600","19.595","0.44K","-5.21%"
"01/28/2021","20.910","20.600","20.875","20.350","0.29K","6.14%"
"01/27/2021","19.700","19.000","19.900","18.900","0.38K","0.97%"
"01/26/2021","19.510","19.800","20.075","19.175","0.79K","-3.22%"
"01/25/2021","20.160","22.150","22.150","20.050","1.05K","-6.17%"
"01/22/2021","21.485","20.750","21.500","20.750","0.94K","7.08%"
"01/21/2021","20.065","19.825","20.500","19.550","0.43K","-0.96%"
"01/20/2021","20.260","21.400","21.600","19.935","0.68K","-0.32%"
"01/19/2021","20.325","19.100","20.400","18.900","1.05K","0.62%"
"01/15/2021","20.200","20.100","20.400","19.625","0.52K","-5.32%"
"01/14/2021","21.335","21.250","21.250","20.320","0.34K","-0.77%"
"01/13/2021","21.500","23.475","23.900","21.600","0.54K","-17.80%"
"01/12/2021","26.155","23.240","26.085","23.200","0.14K","18.21%"
"01/11/2021","22.125","21.350","22.540","21.200","0.46K","9.97%"
"01/08/2021","20.120","20.400","20.700","19.890","0.39K","4.22%"
"01/07/2021","19.305","18.275","19.420","18.275","0.18K","9.91%"
"01/06/2021","17.565","17.875","18.520","17.375","0.70K","-2.44%"
"01/05/2021","18.005","18.905","18.950","17.925","0.51K","-9.27%"
"01/04/2021","19.845","19.450","20.300","19.450","0.80K","3.76%"
"12/31/2020","19.125","19.125","19.125","19.125","","0.66%"
"12/30/2020","19.000","19.150","19.275","19.025","0.18K","1.20%"
"12/29/2020","18.775","19.000","19.000","19.000","0.04K","-1.96%"
"12/28/2020","19.150","19.150","19.150","19.150","","8.50%"
"12/24/2020","17.650","17.650","17.650","17.650","","0.83%"
"12/23/2020","17.505","17.650","17.650","17.500","0.08K","-0.74%"
"12/22/2020","17.635","17.200","17.750","17.175","0.21K","5.00%"
"12/21/2020","16.795","16.400","16.850","16.250","0.18K","5.73%"
"12/18/2020","15.885","15.750","15.975","15.690","0.19K","-0.35%"
"12/17/2020","15.940","16.175","16.325","15.900","0.19K","-2.69%"
"12/16/2020","16.380","17.050","17.050","16.260","0.18K","-4.91%"
"12/15/2020","17.225","17.100","17.265","16.660","0.22K","3.73%"
"12/14/2020","16.605","16.450","16.925","16.450","0.16K","4.04%"
"12/11/2020","15.960","15.525","15.825","15.300","0.18K","2.70%"
"12/10/2020","15.540","15.300","15.550","15.275","0.32K","5.46%"
"12/09/2020","14.735","14.350","14.735","14.350","0.13K","2.01%"
"12/08/2020","14.445","14.300","14.630","14.300","0.71K","0.63%"
"12/07/2020","14.355","14.100","14.400","14.100","0.40K","-1.98%"
"12/04/2020","14.645","14.550","14.660","14.465","0.21K","3.53%"
"12/03/2020","14.145","14.600","14.600","14.000","0.30K","-5.10%"
"12/02/2020","14.905","14.450","14.950","14.450","0.36K","-0.03%"
"12/01/2020","14.910","15.475","15.475","14.775","0.61K","-1.52%"
"11/30/2020","15.140","14.985","15.200","14.950","0.06K","4.52%"
"11/27/2020","14.485","13.835","14.600","13.800","0.77K","3.98%"
"11/25/2020","13.930","14.150","14.275","13.800","0.35K","0.22%"
"11/24/2020","13.900","13.450","13.900","13.450","0.30K","2.70%"
"11/23/2020","13.535","13.300","13.625","13.300","0.13K","4.96%"
"11/20/2020","12.895","12.700","12.910","12.600","0.41K","-0.96%"
"11/19/2020","13.020","13.475","13.475","13.000","0.34K","-4.82%"
"11/18/2020","13.680","13.850","13.950","13.590","0.22K","-2.08%"
"11/17/2020","13.970","14.350","14.350","13.850","0.16K","-3.62%"
"11/16/2020","14.495","14.425","14.600","14.420","0.29K","1.79%"
"11/13/2020","14.240","14.200","14.325","14.175","0.28K","1.71%"
"11/12/2020","14.000","14.050","14.150","13.950","0.29K","-0.67%"
"11/11/2020","14.095","14.050","14.350","14.050","0.29K","0.43%"
"11/10/2020","14.035","13.800","14.150","13.700","0.91K","1.30%"
"11/09/2020","13.855","13.775","14.130","13.550","0.55K","-0.32%"
"11/06/2020","13.900","14.115","14.150","13.885","0.78K","-3.84%"
"11/05/2020","14.455","14.300","14.500","14.300","0.47K","4.11%"
"11/04/2020","13.885","13.725","14.105","13.575","0.36K","1.61%"
"11/03/2020","13.665","13.730","13.925","13.585","0.13K","0.07%"
"11/02/2020","13.655","13.515","13.705","13.515","0.11K","-2.88%"
"10/30/2020","14.060","14.335","14.385","13.925","0.24K","-1.09%"
"10/29/2020","14.215","14.400","14.400","14.125","0.65K","-1.86%"
"10/28/2020","14.485","14.525","14.650","14.400","0.64K","-1.76%"
"10/27/2020","14.745","14.700","14.850","14.375","0.26K","-0.81%"
"10/26/2020","14.865","15.150","15.390","15.150","0.14K","-3.54%"
"10/23/2020","15.410","15.245","15.650","15.245","0.21K","1.02%"
"10/22/2020","15.255","14.825","15.340","14.800","0.37K","2.62%"
"10/21/2020","14.865","14.810","14.950","14.810","0.74K","-0.20%"
"10/20/2020","14.895","14.560","14.980","14.560","1.82K","1.19%"
"10/19/2020","14.720","14.650","14.750","14.650","0.07K","1.52%"
"10/16/2020","14.500","14.525","14.650","14.425","0.07K","1.83%"
"10/15/2020","14.240","14.175","14.175","13.900","0.56K","2.67%"
"10/14/2020","13.870","13.740","13.945","13.740","0.07K","2.02%"
"10/13/2020","13.595","13.690","13.700","13.490","0.35K","-1.77%"
"10/12/2020","13.840","13.610","13.610","13.610","0.02K","0.62%"
"10/09/2020","13.755","13.730","13.870","13.705","0.06K","-1.04%"
"10/08/2020","13.900","13.750","14.050","13.750","0.05K","1.39%"
"10/07/2020","13.710","13.425","13.690","13.425","0.03K","3.04%"
"10/06/2020","13.305","13.225","13.365","13.225","0.09K","-0.86%"
"10/05/2020","13.420","13.385","13.440","13.250","0.15K","3.03%"
"10/02/2020","13.025","12.875","13.130","12.815","0.57K","-1.18%"
"10/01/2020","13.180","13.350","13.405","13.110","0.51K","-0.79%"
"09/30/2020","13.285","13.310","13.310","13.160","0.04K","8.18%"
"09/29/2020","12.280","12.400","12.640","12.265","0.25K","-0.57%"
"09/28/2020","12.350","12.060","12.060","11.950","0.08K","5.87%"
"09/25/2020","11.665","11.500","11.695","11.400","0.35K","0.26%"
"09/24/2020","11.635","11.950","11.950","11.660","0.18K","-3.20%"
"09/23/2020","12.020","11.770","12.040","11.770","0.19K","2.69%"
"09/22/2020","11.705","11.330","11.795","11.260","0.13K","1.83%"
"09/21/2020","11.495","11.500","11.510","11.425","0.08K","0.17%"
"09/18/2020","11.475","11.105","11.380","11.105","0.05K","3.19%"
"09/17/2020","11.120","11.515","11.515","11.130","0.12K","-1.77%"
"09/16/2020","11.320","11.200","11.445","11.200","0.10K","3.90%"
"09/15/2020","10.895","10.850","10.870","10.815","0.05K","1.77%"
"09/14/2020","10.705","10.725","10.800","10.650","0.15K","2.00%"
"09/11/2020","10.495","10.400","10.435","10.370","0.11K","-0.19%"
"09/10/2020","10.515","10.850","10.870","10.465","0.43K","-2.05%"
"09/09/2020","10.735","10.600","10.950","10.600","0.25K","-0.60%"
"09/08/2020","10.800","11.400","11.400","10.790","0.44K","-7.53%"
"09/04/2020","11.680","12.105","12.105","11.850","0.06K","-0.47%"
"09/03/2020","11.735","11.515","11.800","11.500","0.37K","5.63%"
"09/02/2020","11.110","11.400","11.400","10.995","0.12K","-1.64%"
"09/01/2020","11.295","11.200","11.835","11.200","0.38K","0.49%"
"08/31/2020","11.240","11.240","11.240","11.240","","0.63%"
"08/28/2020","11.170","11.125","11.175","11.125","0.02K","25.93%"
"08/27/2020","8.870","9.250","9.275","8.900","1.24K","-3.06%"
"08/26/2020","9.150","9.340","9.340","9.285","0.04K","3.21%"
"08/25/2020","8.865","8.360","8.890","8.360","0.11K","6.04%"
"08/24/2020","8.360","8.125","8.365","8.050","0.44K","9.71%"
"08/21/2020","7.620","7.975","7.975","7.470","0.10K","-6.50%"
"08/20/2020","8.150","8.325","8.375","8.225","0.58K","-2.45%"
"08/19/2020","8.355","8.815","8.850","8.230","0.05K","-2.28%"
"08/18/2020","8.550","8.225","8.720","8.225","0.15K","4.52%"
"08/17/2020","8.180","8.260","8.510","8.150","0.10K","2.00%"
"08/14/2020","8.020","7.450","8.150","7.380","0.33K","9.71%"
"08/13/2020","7.310","7.400","7.480","7.285","0.14K","1.95%"
"08/12/2020","7.170","7.175","7.175","7.000","0.20K","-3.30%"
"08/11/2020","7.415","7.495","7.935","7.415","0.21K","-2.31%"
"08/10/2020","7.590","8.280","8.280","7.950","0.07K","-4.29%"
"08/07/2020","7.930","7.550","8.300","7.550","0.11K","-0.13%"
"08/06/2020","7.940","7.750","7.950","7.750","0.05K","8.47%"
"08/05/2020","7.320","7.370","7.405","7.280","0.23K","-0.48%"
"08/04/2020","7.355","7.185","7.425","7.130","0.57K","8.16%"
"08/03/2020","6.800","6.330","7.000","6.330","0.26K","12.86%"
"07/31/2020","6.025","6.000","6.000","6.000","0.03K","15.31%"
"07/30/2020","5.225","5.190","5.430","5.130","0.17K","0.97%"
"07/29/2020","5.175","5.150","5.220","5.055","1.08K","4.33%"
"07/28/2020","4.960","4.775","4.975","4.775","0.18K","3.66%"
"07/27/2020","4.785","4.950","5.010","4.875","0.22K","-4.49%"
"07/24/2020","5.010","5.025","5.040","4.895","0.13K","0.50%"
"07/23/2020","4.985","4.925","5.125","4.925","0.22K","3.21%"
"07/22/2020","4.830","4.820","4.915","4.725","0.29K","0.84%"
"07/21/2020","4.790","4.900","4.975","4.765","0.52K","1.27%"
"07/20/2020","4.730","4.950","4.980","4.710","0.25K","-7.53%"
"07/17/2020","5.115","5.160","5.165","5.065","0.61K","1.09%"
"07/16/2020","5.060","5.090","5.110","5.000","0.16K","-3.16%"
"07/15/2020","5.225","5.350","5.395","5.225","0.12K","2.75%"
"07/14/2020","5.085","5.160","5.180","4.990","1.22K","-0.49%"
"07/13/2020","5.110","5.520","5.550","5.090","0.71K","-6.67%"
"07/10/2020","5.475","5.570","5.585","5.425","0.11K","-4.87%"
"07/09/2020","5.755","5.855","5.875","5.760","0.09K","-3.03%"
"07/08/2020","5.935","6.090","6.190","5.860","0.13K","-3.10%"
"07/07/2020","6.125","6.130","6.315","6.130","0.06K","0.49%"
"07/06/2020","6.095","6.145","6.150","6.075","0.14K","2.52%"
"07/02/2020","5.945","5.765","5.950","5.710","0.66K","1.36%"
"07/01/2020","5.865","5.950","6.185","5.800","0.71K","-4.87%"
"06/30/2020","6.165","6.105","6.455","6.025","0.26K","5.57%"
"06/29/2020","5.840","5.400","5.870","5.400","0.51K","14.40%"
"06/26/2020","5.105","5.065","5.230","5.045","0.21K","-2.85%"
"06/25/2020","5.255","5.425","5.435","5.285","0.05K","-7.24%"
"06/24/2020","5.665","5.825","5.845","5.680","0.30K","-2.83%"
"06/23/2020","5.830","5.700","5.850","5.700","0.57K","6.10%"
"06/22/2020","5.495","5.450","5.525","5.390","0.41K","-2.14%"
"06/19/2020","5.615","5.550","5.675","5.550","0.30K","3.03%"
"06/18/2020","5.450","5.425","5.525","5.325","0.67K","4.61%"
"06/17/2020","5.210","5.200","5.275","4.995","0.66K","-0.95%"
"06/16/2020","5.260","5.550","5.550","5.175","0.43K","-4.62%"
"06/15/2020","5.515","5.450","5.575","5.400","0.34K","4.55%"
"06/12/2020","5.275","5.150","5.440","5.150","0.51K","5.71%"
"06/11/2020","4.990","4.775","5.030","4.775","0.38K","3.96%"
"06/10/2020","4.800","4.700","4.850","4.625","0.59K","-0.10%"
"06/09/2020","4.805","5.275","5.275","4.775","0.19K","-8.48%"
"06/08/2020","5.250","5.600","5.775","5.255","0.28K","-8.06%"
"06/05/2020","5.710","5.350","5.850","5.125","0.33K","5.94%"
"06/04/2020","5.390","4.975","5.400","4.975","0.52K","1.13%"
"06/03/2020","5.330","5.150","5.540","4.940","0.45K","9.90%"
"06/02/2020","4.850","4.370","4.950","4.350","0.88K","19.61%"
"06/01/2020","4.055","4.100","4.250","3.950","0.74K","-7.53%"
"05/29/2020","4.385","4.425","4.500","4.400","0.05K","24.93%"
"05/28/2020","3.510","3.700","3.850","3.500","1.57K","-5.01%"
"05/27/2020","3.695","3.800","3.980","3.625","0.17K","-10.42%"
"05/26/2020","4.125","4.350","4.910","4.250","0.41K","6.04%"
"05/22/2020","3.890","3.750","4.060","3.650","0.22K","1.70%"
"05/21/2020","3.825","3.965","4.000","3.790","0.03K","-14.24%"
"05/20/2020","4.460","4.750","4.760","4.420","0.08K","-3.25%"
"05/19/2020","4.610","4.775","4.825","4.610","0.14K","-6.30%"
"05/18/2020","4.920","5.280","5.385","4.875","0.15K","-5.75%"
"05/15/2020","5.220","5.400","5.425","5.175","0.36K","-0.85%"
"05/14/2020","5.265","5.175","5.285","5.175","0.23K","2.83%"
"05/13/2020","5.120","5.375","5.375","5.100","0.09K","-3.67%"
"05/12/2020","5.315","5.575","5.625","5.280","0.27K","-6.84%"
"05/11/2020","5.705","5.700","5.800","5.660","0.25K","-2.14%"
"05/08/2020","5.830","5.830","5.830","5.830","","-0.26%"
"05/07/2020","5.845","5.840","5.970","5.800","0.48K","1.39%"
"05/06/2020","5.765","5.740","5.800","5.730","0.24K","1.59%"
"05/05/2020","5.675","5.850","5.900","5.635","0.43K","-1.13%"
"05/04/2020","5.740","5.900","5.900","5.705","0.72K","-1.80%"
"05/01/2020","5.845","6.200","6.200","5.735","1.08K","-6.03%"
"04/30/2020","6.220","6.325","6.330","6.200","0.06K","3.41%"
"04/29/2020","6.015","6.015","6.015","6.015","","-2.12%"
"04/28/2020","6.145","5.975","6.200","5.975","0.09K","3.45%"
"04/27/2020","5.940","5.825","6.000","5.825","0.11K","2.95%"
"04/24/2020","5.770","5.830","5.850","5.800","0.69K","-4.71%"
"04/23/2020","6.055","6.150","6.150","6.040","0.11K","-2.73%"
"04/22/2020","6.225","6.125","6.490","6.125","0.30K","-1.43%"
"04/21/2020","6.315","6.600","6.600","6.305","0.25K","-4.61%"
"04/20/2020","6.620","6.735","6.735","6.735","0.02K","-5.36%"
"04/17/2020","6.995","7.180","7.180","6.960","0.44K","1.30%"
"04/16/2020","6.905","6.980","6.980","6.925","0.04K","3.83%"
"04/15/2020","6.650","6.825","6.850","6.745","0.36K","-3.27%"
"04/14/2020","6.875","7.175","7.175","6.865","0.18K","-5.56%"
"04/13/2020","7.280","7.280","7.280","7.280","","0.00%"
"04/09/2020","7.280","7.475","7.525","7.235","0.21K","0.28%"
"04/08/2020","7.260","7.300","7.400","7.260","0.49K","-0.34%"
"04/07/2020","7.285","7.400","7.500","7.300","0.16K","0.00%"
"04/06/2020","7.285","6.800","7.400","6.800","0.09K","5.27%"
"04/03/2020","6.920","6.825","7.025","6.775","0.44K","-0.22%"
"04/02/2020","6.935","7.275","7.275","6.860","0.41K","1.61%"
"04/01/2020","6.825","6.725","6.850","6.725","1.02K","-1.09%"
"03/31/2020","6.900","7.100","7.175","7.100","0.09K","0.07%"
"03/30/2020","6.895","6.895","6.895","6.895","0.18K","-4.50%"
"03/27/2020","7.220","7.250","7.335","7.170","1.00K","-4.69%"
"03/26/2020","7.575","7.580","7.605","7.580","0.61K","-2.19%"
"03/25/2020","7.745","7.765","7.765","7.765","0.06K","-2.09%"
"03/24/2020","7.910","8.050","8.100","7.860","0.19K","0.76%"
"03/23/2020","7.850","8.020","8.020","7.935","0.15K","-5.36%"
"03/20/2020","8.295","8.295","8.295","8.295","0.08K","-2.93%"
"03/19/2020","8.545","8.425","8.550","8.365","0.37K","3.39%"
"03/18/2020","8.265","8.300","8.320","8.165","0.93K","-2.42%"
"03/17/2020","8.470","8.775","8.775","8.425","0.74K","-3.09%"
"03/16/2020","8.740","8.700","8.770","8.645","0.62K","-5.87%"
"03/13/2020","9.285","9.360","9.635","9.255","0.35K","-0.43%"
"03/12/2020","9.325","9.100","9.390","9.100","0.44K","-0.48%"
"03/11/2020","9.370","8.975","9.380","8.975","0.29K","4.17%"
"03/10/2020","8.995","8.875","9.050","8.840","0.68K","4.29%"
"03/09/2020","8.625","8.275","8.625","8.275","0.41K","-0.23%"
"03/06/2020","8.645","8.775","8.775","8.560","0.44K","-2.32%"
"03/05/2020","8.850","8.900","8.900","8.825","0.91K","-0.67%"
"03/04/2020","8.910","8.975","9.055","8.825","2.14K","-2.84%"
"03/03/2020","9.170","9.020","9.210","9.020","0.45K","3.21%"
"03/02/2020","8.885","9.000","9.050","8.795","1.62K","0.11%"
"02/28/2020","8.875","8.650","8.950","8.650","0.17K","0.06%"
"02/27/2020","8.870","8.870","8.870","8.870","","-2.21%"
"02/26/2020","9.070","8.875","9.075","8.800","0.35K","0.72%"
"02/25/2020","9.005","9.000","9.000","8.925","0.70K","-0.44%"
"02/24/2020","9.045","9.210","9.210","9.125","0.26K","-3.88%"
"02/21/2020","9.410","9.300","9.510","9.300","0.07K","-1.62%"
"02/20/2020","9.565","9.575","9.575","9.375","0.19K","-0.05%"
"02/19/2020","9.570","9.225","9.545","9.225","0.12K","2.03%"
"02/18/2020","9.380","9.200","9.490","9.200","0.21K","5.63%"
"02/14/2020","8.880","8.925","8.925","8.925","0.02K","-0.11%"
"02/13/2020","8.890","8.575","8.800","8.575","0.18K","1.95%"
"02/12/2020","8.720","8.575","8.765","8.575","0.07K","1.93%"
"02/11/2020","8.555","8.500","8.650","8.500","0.14K","-1.04%"
"02/10/2020","8.645","8.775","8.775","8.575","0.14K","-4.69%"
"02/07/2020","9.070","9.220","9.220","8.985","0.06K","-0.87%"
"02/06/2020","9.150","8.925","9.195","8.925","0.20K","-1.77%"
"02/05/2020","9.315","9.435","9.435","9.280","0.09K","-0.53%"
"02/04/2020","9.365","9.285","9.385","9.100","0.34K","1.68%"
"02/03/2020","9.210","9.600","9.600","9.190","0.17K","-5.59%"
"01/31/2020","9.755","9.975","10.010","9.930","0.02K","-0.26%"
"01/30/2020","9.780","10.000","10.000","10.000","0.17K","-3.65%"
"01/29/2020","10.150","10.675","10.675","10.335","0.10K","-5.93%"
"01/28/2020","10.790","10.800","10.800","10.750","0.05K","2.52%"
"01/27/2020","10.525","10.505","10.585","10.475","0.11K","0.67%"
"01/24/2020","10.455","10.630","10.630","10.485","0.15K","0.24%"
"01/23/2020","10.430","10.375","10.450","10.230","0.26K","-0.24%"
"01/22/2020","10.455","10.660","10.660","10.370","0.49K","-2.97%"
"01/21/2020","10.775","10.665","10.945","10.600","0.28K","-1.42%"
"01/17/2020","10.930","11.050","11.050","10.940","0.15K","-1.66%"
"01/16/2020","11.115","11.425","11.425","11.015","0.19K","-0.58%"
"01/15/2020","11.180","11.275","11.300","11.200","0.12K","-1.11%"
"01/14/2020","11.305","12.025","12.025","11.690","0.07K","-6.22%"
"01/13/2020","12.055","12.150","12.150","12.075","0.40K","0.96%"
"01/10/2020","11.940","12.200","12.225","11.950","1.15K","-1.97%"
"01/09/2020","12.180","11.925","12.250","11.925","1.14K","1.80%"
"01/08/2020","11.965","11.835","12.050","11.825","0.64K","0.29%"
"01/07/2020","11.930","11.950","12.150","11.865","0.52K","-2.85%"
"01/06/2020","12.280","12.695","12.700","12.695","0.03K","-5.43%"
"01/03/2020","12.985","12.405","12.750","12.405","0.25K","7.54%"
"01/02/2020","12.075","12.435","12.460","12.135","0.44K","0.21%"
"12/31/2019","12.050","12.050","12.050","12.050","","-1.99%"
"12/30/2019","12.295","12.295","12.295","12.295","","-3.68%"
"12/27/2019","12.765","12.765","12.765","12.765","","1.27%"
"12/26/2019","12.605","12.605","12.605","12.605","","0.00%"
"12/24/2019","12.605","12.610","12.610","12.610","0.02K","-3.22%"
"12/23/2019","13.025","13.210","13.210","13.065","0.06K","-8.50%"
"12/20/2019","14.235","14.075","14.215","14.025","0.09K","-5.13%"
"12/19/2019","15.005","14.400","14.975","14.400","0.45K","0.37%"
"12/18/2019","14.950","14.350","15.010","14.350","1.03K","3.39%"
"12/17/2019","14.460","14.470","14.500","14.460","0.19K","4.10%"
"12/16/2019","13.890","13.950","13.950","13.940","0.14K","0.62%"
"12/13/2019","13.805","14.230","14.320","13.800","0.31K","-6.53%"
"12/12/2019","14.770","14.150","14.750","14.150","0.51K","5.16%"
"12/11/2019","14.045","14.170","14.170","14.015","0.18K","-3.34%"
"12/10/2019","14.530","14.370","14.500","14.310","0.20K","-2.42%"
"12/09/2019","14.890","14.775","14.950","14.740","0.33K","-1.65%"
"12/06/2019","15.140","15.175","15.275","15.100","0.39K","-1.78%"
"12/05/2019","15.415","15.600","15.675","15.575","0.37K","-2.93%"
"12/04/2019","15.880","15.600","15.900","15.600","0.56K","0.70%"
"12/03/2019","15.770","15.675","15.835","15.675","0.35K","-0.25%"
"12/02/2019","15.810","15.955","16.000","15.800","0.17K","-3.18%"
"11/29/2019","16.330","16.330","16.330","16.330","","2.19%"
"11/27/2019","15.980","15.950","16.100","15.875","0.22K","0.82%"
"11/26/2019","15.850","16.000","16.045","15.855","0.07K","-2.37%"
"11/25/2019","16.235","16.475","16.475","16.275","0.09K","1.15%"
"11/22/2019","16.050","16.000","16.150","15.950","0.35K","2.72%"
"11/21/2019","15.625","15.675","15.800","15.650","0.46K","0.22%"
"11/20/2019","15.590","15.300","15.525","15.250","0.11K","1.96%"
"11/19/2019","15.290","15.150","15.400","15.150","0.32K","0.39%"
"11/18/2019","15.230","15.375","15.400","15.175","0.44K","-3.09%"
"11/15/2019","15.715","15.400","15.725","15.400","0.46K","0.29%"
"11/14/2019","15.670","15.450","15.700","15.450","0.75K","1.42%"
"11/13/2019","15.450","15.275","15.475","15.275","0.16K","-0.61%"
"11/12/2019","15.545","15.600","15.600","15.480","0.39K","-1.89%"
"11/11/2019","15.845","15.875","15.925","15.825","0.62K","-0.60%"
"11/08/2019","15.940","16.175","16.200","15.875","0.18K","-1.12%"
"11/07/2019","16.120","16.225","16.300","16.140","0.64K","-0.98%"
"11/06/2019","16.280","16.575","16.575","16.300","0.85K","-3.04%"
"11/05/2019","16.790","16.750","16.905","16.700","1.08K","1.88%"
"11/04/2019","16.480","16.300","16.675","16.150","1.05K","1.89%"
"11/01/2019","16.175","16.350","16.350","16.175","0.52K","0.25%"
"10/31/2019","16.135","16.050","16.175","16.025","0.32K","17.09%"
"10/30/2019","13.780","13.625","13.625","13.625","0.06K","-0.40%"
"10/29/2019","13.835","14.500","14.500","14.400","0.15K","-3.86%"
"10/28/2019","14.390","14.575","14.650","14.450","0.34K","-5.55%"
"10/25/2019","15.235","15.550","15.550","15.400","0.21K","-2.68%"
"10/24/2019","15.655","15.150","15.650","15.150","0.29K","1.56%"
"10/23/2019","15.415","15.300","15.450","15.300","0.11K","-1.15%"
"10/22/2019","15.595","15.750","15.750","15.750","0.03K","-0.10%"
"10/21/2019","15.610","16.210","16.210","15.650","0.04K","-2.22%"
"10/18/2019","15.965","16.245","16.245","15.875","0.36K","-0.37%"
"10/17/2019","16.025","15.825","16.050","15.750","0.39K","-0.31%"
"10/16/2019","16.075","16.225","16.245","16.150","0.08K","0.06%"
"10/15/2019","16.065","16.050","16.050","16.050","0.01K","0.16%"
"10/14/2019","16.040","15.950","15.950","15.950","0.06K","-0.59%"
"10/11/2019","16.135","16.125","16.150","15.825","0.30K","1.80%"
"10/10/2019","15.850","15.825","15.825","15.475","0.49K","1.77%"
"10/09/2019","15.575","15.300","15.925","15.300","1.26K","-0.42%"
"10/08/2019","15.640","15.650","15.700","15.425","0.76K","0.87%"
"10/07/2019","15.505","15.200","15.475","15.200","0.22K","-1.68%"
"10/04/2019","15.770","16.350","16.500","15.750","0.16K","-1.50%"
"10/03/2019","16.010","16.000","16.225","15.850","0.31K","0.03%"
"10/02/2019","16.005","16.300","16.300","15.925","0.20K","-4.50%"
"10/01/2019","16.760","16.250","16.725","16.185","0.20K","2.26%"
"09/30/2019","16.390","16.680","16.690","16.680","0.02K","37.27%"
"09/27/2019","11.940","11.940","11.940","11.940","","-0.87%"
"09/26/2019","12.045","12.045","12.045","12.045","","0.79%"
"09/25/2019","11.950","11.935","12.050","11.935","0.21K","-3.16%"
"09/24/2019","12.340","12.175","12.600","12.175","0.04K","0.78%"
"09/23/2019","12.245","12.245","12.245","12.245","","-3.66%"
"09/20/2019","12.710","12.575","12.575","12.575","0.05K","3.71%"
"09/19/2019","12.255","12.255","12.255","12.255","0.04K","-1.45%"
"09/18/2019","12.435","12.800","12.800","12.535","0.02K","-7.48%"
"09/17/2019","13.440","14.175","14.175","13.525","0.07K","-12.36%"
"09/16/2019","15.335","15.155","15.155","15.155","0.01K","4.25%"
"09/13/2019","14.710","15.650","15.650","15.645","0.05K","1.69%"
"09/12/2019","14.465","14.545","14.545","14.545","0.05K","0.77%"
"09/11/2019","14.355","14.050","14.495","14.050","0.05K","-0.35%"
"09/10/2019","14.405","12.350","13.800","12.350","0.28K","17.74%"
"09/09/2019","12.235","12.675","12.675","12.300","0.41K","-0.93%"
"09/06/2019","12.350","12.175","12.175","12.100","0.25K","0.94%"
"09/05/2019","12.235","11.800","12.000","11.800","0.33K","2.30%"
"09/04/2019","11.960","12.150","12.150","12.100","0.08K","-1.16%"
"09/03/2019","12.100","11.950","12.125","11.675","1.00K","-5.43%"
"08/30/2019","12.795","12.795","12.795","12.795","0.01K","19.41%"
"08/29/2019","10.715","10.425","10.640","10.425","0.02K","4.69%"
"08/28/2019","10.235","10.350","10.350","10.225","0.22K","1.64%"
"08/27/2019","10.070","10.150","10.250","10.150","0.08K","-2.38%"
"08/26/2019","10.315","10.315","10.315","10.315","","-2.55%"
"08/23/2019","10.585","10.825","10.825","10.650","0.04K","-3.69%"
"08/22/2019","10.990","11.275","11.375","10.980","0.16K","-3.72%"
"08/21/2019","11.415","11.200","11.700","11.200","0.51K","1.78%"
"08/20/2019","11.215","11.300","11.305","11.225","0.05K","3.99%"
"08/19/2019","10.785","10.800","11.100","10.760","0.22K","-1.55%"
"08/16/2019","10.955","11.175","11.350","10.925","0.11K","-2.41%"
"08/15/2019","11.225","11.150","11.250","11.075","0.13K","0.40%"
"08/14/2019","11.180","11.500","11.600","11.225","0.24K","-5.73%"
"08/13/2019","11.860","11.450","11.750","11.450","0.29K","3.85%"
"08/12/2019","11.420","11.950","12.050","11.380","0.26K","-5.03%"
"08/09/2019","12.025","12.050","12.200","11.795","0.13K","-0.41%"
"08/08/2019","12.075","11.250","12.040","11.200","0.43K","5.83%"
"08/07/2019","11.410","11.000","11.400","10.900","0.48K","4.20%"
"08/06/2019","10.950","11.175","11.250","10.875","0.86K","-4.49%"
"08/05/2019","11.465","11.975","12.150","11.375","1.09K","-4.58%"
"08/02/2019","12.015","11.960","12.655","11.960","0.07K","-2.79%"
"08/01/2019","12.360","11.675","12.345","11.550","0.39K","12.36%"
"07/31/2019","11.000","11.000","11.000","11.000","","12.36%"
"07/30/2019","9.790","9.850","9.900","9.725","0.27K","-0.20%"
"07/29/2019","9.810","10.075","10.150","9.750","0.41K","-1.56%"
"07/26/2019","9.965","10.000","10.125","9.875","0.58K","-0.60%"
"07/25/2019","10.025","10.250","10.275","10.050","0.38K","-0.50%"
"07/24/2019","10.075","10.375","10.475","10.200","0.26K","-6.28%"
"07/23/2019","10.750","10.125","10.400","10.125","0.27K","5.81%"
"07/22/2019","10.160","10.900","10.950","10.375","0.80K","-6.06%"
"07/19/2019","10.815","10.900","10.900","10.900","0.02K","0.75%"
"07/18/2019","10.735","11.075","11.125","10.625","0.94K","-2.32%"
"07/17/2019","10.990","11.000","11.275","10.825","0.09K","-3.72%"
"07/16/2019","11.415","12.130","12.130","12.130","0.02K","-11.48%"
"07/15/2019","12.895","13.725","13.725","13.410","0.14K","-2.90%"
"07/12/2019","13.280","12.650","13.150","12.650","0.09K","1.14%"
"07/11/2019","13.130","12.725","12.850","12.300","0.09K","8.20%"
"07/10/2019","12.135","11.350","12.125","11.350","0.39K","3.19%"
"07/09/2019","11.760","12.225","12.675","11.850","0.92K","-1.01%"
"07/08/2019","11.880","11.105","12.075","11.105","1.03K","5.93%"
"07/05/2019","11.215","10.575","11.245","10.255","0.17K","8.94%"
"07/03/2019","10.295","10.375","10.375","10.175","0.15K","0.68%"
"07/02/2019","10.225","10.650","10.855","10.250","0.13K","-1.35%"
"07/01/2019","10.365","10.570","10.675","10.250","0.17K","2.47%"
"06/28/2019","10.115","9.750","9.765","9.750","0.04K","7.89%"
"06/27/2019","9.375","9.375","9.375","9.375","","-2.55%"
"06/26/2019","9.620","9.620","9.620","9.620","","-2.29%"
"06/25/2019","9.845","9.875","9.875","9.875","0.01K","-3.48%"
"06/24/2019","10.200","10.200","10.200","10.200","0.01K","-1.50%"
"06/21/2019","10.355","9.800","10.295","9.775","0.07K","2.02%"
"06/20/2019","10.150","10.150","10.150","10.150","","-3.20%"
"06/19/2019","10.485","10.485","10.485","10.485","","-4.98%"
"06/18/2019","11.035","11.400","11.400","11.275","0.05K","-4.62%"
"06/17/2019","11.570","11.355","11.355","11.280","0.03K","2.21%"
"06/14/2019","11.320","11.350","11.350","11.350","0.02K","-0.66%"
"06/13/2019","11.395","11.520","11.630","11.350","0.04K","2.29%"
"06/12/2019","11.140","11.205","11.205","11.205","0.01K","-0.54%"
"06/11/2019","11.200","11.480","11.480","11.480","0.02K","-5.12%"
"06/10/2019","11.805","11.650","11.650","11.650","0.05K","2.47%"
"06/07/2019","11.520","11.245","11.475","11.245","0.05K","3.74%"
"06/06/2019","11.105","11.320","11.320","11.320","0.06K","-4.27%"
"06/05/2019","11.600","11.600","11.600","11.600","0.01K","-2.60%"
"06/04/2019","11.910","11.910","11.910","11.910","","7.30%"
"06/03/2019","11.100","11.100","11.100","11.100","","-0.94%"
"05/31/2019","11.205","11.205","11.205","11.205","0.01K","-2.35%"
"05/30/2019","11.475","11.475","11.475","11.475","","-6.13%"
"05/29/2019","12.225","12.225","12.225","12.225","","-2.36%"
"05/28/2019","12.520","12.520","12.520","12.520","","2.20%"
"05/24/2019","12.250","12.435","12.435","12.415","0.02K","-2.74%"
"05/23/2019","12.595","12.595","12.595","12.595","","-0.43%"
"05/22/2019","12.650","12.885","12.885","12.885","0.01K","-0.43%"
"05/21/2019","12.705","12.600","12.600","12.600","0.01K","-1.55%"
"05/20/2019","12.905","12.905","12.905","12.905","","0.39%"
"05/17/2019","12.855","12.935","12.935","12.935","0.00K","-3.96%"
"05/16/2019","13.385","13.385","13.385","13.385","","-3.39%"
"05/15/2019","13.855","13.855","13.855","13.855","","0.51%"
"05/14/2019","13.785","13.785","13.785","13.785","","0.18%"
"05/13/2019","13.760","13.760","13.760","13.760","","-1.68%"
"05/10/2019","13.995","13.995","13.995","13.995","","-3.18%"
"05/09/2019","14.455","14.455","14.455","14.455","","0.94%"
"05/08/2019","14.320","14.175","14.350","14.150","0.02K","1.17%"
"05/07/2019","14.155","14.325","14.325","14.125","0.04K","-1.26%"
"05/06/2019","14.335","14.335","14.335","14.335","","-1.58%"
"05/03/2019","14.565","14.565","14.565","14.565","","1.39%"
"05/02/2019","14.365","14.365","14.365","14.365","","2.21%"
"05/01/2019","14.055","14.100","14.100","14.050","0.03K","-2.33%"
"04/30/2019","14.390","14.425","14.425","14.425","0.01K","-0.93%"
"04/29/2019","14.525","14.525","14.525","14.525","","0.69%"
"04/26/2019","14.425","14.725","14.775","14.675","0.11K","-0.76%"
"04/25/2019","14.535","14.535","14.535","14.535","","1.89%"
"04/24/2019","14.265","14.425","14.425","14.425","0.01K","-1.07%"
"04/23/2019","14.420","14.105","14.500","14.105","0.04K","-0.28%"
"04/22/2019","14.460","14.460","14.460","14.460","","0.00%"
"04/18/2019","14.460","15.000","15.000","15.000","0.01K","-4.84%"
"04/17/2019","15.195","15.195","15.195","15.195","","2.43%"
"04/16/2019","14.835","14.850","14.850","14.850","0.01K","-1.17%"
"04/15/2019","15.010","15.640","15.640","15.285","0.03K","-5.33%"
"04/12/2019","15.855","15.895","15.900","15.800","0.03K","-0.88%"
"04/11/2019","15.995","15.550","15.900","15.550","0.04K","1.68%"
"04/10/2019","15.730","15.730","15.730","15.730","0.01K","-6.12%"
"04/09/2019","16.755","16.755","16.755","16.755","","4.95%"
"04/08/2019","15.965","16.575","16.950","16.200","0.04K","-4.03%"
"04/05/2019","16.635","16.635","16.635","16.635","0.01K","12.36%"
"04/04/2019","14.805","14.600","14.600","14.600","0.02K","4.33%"
"04/03/2019","14.190","13.700","13.700","13.700","0.02K","5.46%"
"04/02/2019","13.455","13.455","13.455","13.455","0.01K","-2.82%"
"04/01/2019","13.845","13.845","13.845","13.845","","-2.60%"
"03/29/2019","14.215","14.225","14.225","14.225","0.01K","-1.49%"
"03/28/2019","14.430","14.800","14.875","14.800","0.71K","-3.77%"
"03/27/2019","14.995","14.500","14.675","14.500","0.09K","4.24%"
"03/26/2019","14.385","14.200","14.415","14.200","0.13K","1.41%"
"03/25/2019","14.185","14.185","14.185","14.175","0.02K","-1.87%"
"03/22/2019","14.455","14.425","14.455","14.355","0.04K","-0.76%"
"03/21/2019","14.565","14.920","14.920","14.550","0.09K","-4.27%"
"03/20/2019","15.215","15.075","15.075","15.075","0.02K","1.40%"
"03/19/2019","15.005","15.200","15.250","14.975","0.13K","0.17%"
"03/18/2019","14.980","14.900","15.175","14.900","0.97K","-1.77%"
"03/15/2019","15.250","15.485","15.485","15.275","0.08K","-2.27%"
"03/14/2019","15.605","15.825","15.825","15.600","0.19K","-0.76%"
"03/13/2019","15.725","15.725","15.725","15.725","0.01K","-2.99%"
"03/12/2019","16.210","16.425","16.525","16.050","0.78K","-2.50%"
"03/11/2019","16.625","16.700","16.700","16.590","0.07K","-0.63%"
"03/08/2019","16.730","16.850","16.850","16.720","0.39K","-0.83%"
"03/07/2019","16.870","16.950","16.950","16.750","0.15K","0.12%"
"03/06/2019","16.850","17.025","17.050","17.000","0.11K","-1.92%"
"03/05/2019","17.180","17.475","17.475","17.175","0.36K","-1.26%"
"03/04/2019","17.400","17.375","17.500","17.375","0.07K","0.46%"
"03/01/2019","17.320","17.320","17.320","17.320","","-2.78%"
"02/28/2019","17.815","17.815","17.815","17.815","0.04K","1.14%"
"02/27/2019","17.615","17.325","17.635","17.325","0.05K","3.34%"
"02/26/2019","17.045","17.045","17.045","17.045","","0.59%"
"02/25/2019","16.945","17.000","17.000","17.000","0.01K","-1.65%"
"02/22/2019","17.230","17.230","17.230","17.230","","-1.66%"
"02/21/2019","17.520","17.520","17.520","17.520","","-3.44%"
"02/20/2019","18.145","18.145","18.145","18.145","","2.49%"
"02/19/2019","17.705","17.750","17.830","17.750","0.01K","-2.18%"
"02/15/2019","18.100","18.100","18.100","18.100","","1.94%"
"02/14/2019","17.755","18.165","18.165","17.810","0.03K","-1.47%"
"02/13/2019","18.020","17.800","17.875","17.800","0.10K","1.32%"
"02/12/2019","17.785","18.000","18.000","17.875","0.07K","-1.50%"
"02/11/2019","18.055","17.825","18.125","17.750","0.42K","-1.15%"
"02/08/2019","18.265","18.515","18.515","18.265","0.01K","-3.41%"
"02/07/2019","18.910","19.185","19.185","18.860","0.06K","-0.03%"
"02/06/2019","18.915","19.075","19.150","18.950","0.12K","-1.18%"
"02/05/2019","19.140","19.140","19.140","19.140","","-1.11%"
"02/04/2019","19.355","19.355","19.355","19.355","","0.28%"
"02/01/2019","19.300","19.300","19.300","19.300","","-2.77%"
"01/31/2019","19.850","19.665","19.665","19.665","0.01K","-1.64%"
"01/30/2019","20.180","20.180","20.180","20.180","","-1.97%"
"01/29/2019","20.585","20.600","20.600","20.600","0.02K","0.17%"
"01/28/2019","20.550","20.520","20.520","20.500","0.01K","-1.63%"
"01/25/2019","20.890","20.735","20.895","20.690","0.03K","-1.83%"
"01/24/2019","21.280","21.720","21.815","21.360","0.08K","-4.10%"
"01/23/2019","22.190","22.225","22.300","22.130","0.05K","1.72%"
"01/22/2019","21.815","21.805","21.885","21.605","0.13K","-3.49%"
"01/18/2019","22.605","22.840","23.015","22.525","0.09K","-1.70%"
"01/17/2019","22.995","22.640","23.135","22.640","0.03K","4.50%"
"01/16/2019","22.005","22.300","22.300","22.095","0.02K","0.02%"
"01/15/2019","22.000","22.035","22.035","21.945","0.02K","1.50%"
"01/14/2019","21.675","21.910","21.910","21.685","0.05K","-2.61%"
"01/11/2019","22.255","22.390","22.390","22.085","0.08K","2.68%"
"01/10/2019","21.675","21.705","21.705","21.705","0.01K","-0.21%"
"01/09/2019","21.720","22.515","22.515","21.745","0.02K","-1.67%"
"01/08/2019","22.090","22.165","22.165","22.165","0.01K","2.60%"
"01/07/2019","21.530","21.910","21.910","21.470","0.04K","-6.11%"
"01/04/2019","22.930","22.845","22.955","22.810","0.04K","3.03%"
"01/03/2019","22.255","22.215","22.215","22.115","0.01K","-0.98%"
"01/02/2019","22.475","22.280","22.550","22.145","0.02K","2.25%"
"12/31/2018","21.980","22.260","22.260","22.180","0.01K","-3.64%"
"12/28/2018","22.810","22.810","22.810","22.810","","-2.19%"
"12/27/2018","23.320","23.320","23.320","23.320","0.03K","-3.82%"
"12/26/2018","24.245","24.245","24.245","24.245","","0.00%"
"12/24/2018","24.245","24.735","24.760","24.275","0.06K","-2.63%"
"12/21/2018","24.900","24.650","24.745","24.650","0.06K","1.20%"
"12/20/2018","24.605","24.605","24.605","24.605","0.05K","1.63%"
"12/19/2018","24.210","24.210","24.210","24.210","0.03K","2.02%"
"12/18/2018","23.730","24.035","24.035","23.725","0.07K","-3.85%"
"12/17/2018","24.680","24.650","24.650","24.650","0.03K","0.14%"
"12/14/2018","24.645","24.665","24.790","24.660","0.03K","1.73%"
"12/13/2018","24.225","24.375","24.375","24.375","0.02K","1.28%"
"12/12/2018","23.920","24.050","24.190","24.050","0.03K","1.27%"
"12/11/2018","23.620","23.545","23.630","23.545","0.05K","1.59%"
"12/10/2018","23.250","23.265","23.300","23.265","0.03K","0.45%"
"12/07/2018","23.145","22.840","23.175","22.840","0.06K","-0.09%"
"12/06/2018","23.165","23.305","23.395","23.135","0.05K","-2.75%"
"12/05/2018","23.820","24.110","24.110","24.110","0.09K","-2.44%"
"12/04/2018","24.415","24.395","24.395","24.375","0.04K","-2.67%"
"12/03/2018","25.085","25.085","25.085","25.085","0.04K","1.60%"
"11/30/2018","24.690","24.690","24.690","24.690","0.01K","0.22%"
"11/29/2018","24.635","24.635","24.635","24.635","","1.38%"
"11/28/2018","24.300","24.400","24.400","24.400","0.02K","-3.42%"
"11/27/2018","25.160","24.795","24.995","24.790","0.03K","2.51%"
"11/26/2018","24.545","24.270","24.550","24.115","0.04K","-1.11%"
"11/23/2018","24.820","24.035","25.170","24.035","0.06K","1.31%"
"11/21/2018","24.500","24.195","24.420","24.195","0.02K","0.62%"
"11/20/2018","24.350","24.430","24.500","24.265","0.06K","0.83%"
"11/19/2018","24.150","24.310","24.390","24.310","0.01K","-6.95%"
"11/16/2018","25.955","26.725","26.725","25.650","0.06K","-2.70%"
"11/15/2018","26.675","26.150","26.720","26.150","0.06K","1.50%"
"11/14/2018","26.280","26.260","26.475","26.260","0.03K","-0.90%"
"11/13/2018","26.520","26.235","26.580","26.235","0.09K","2.18%"
"11/12/2018","25.955","25.625","25.905","25.625","0.05K","6.70%"
"11/09/2018","24.325","24.760","24.760","24.545","0.02K","-0.43%"
"11/08/2018","24.430","24.630","24.630","24.630","0.01K","0.04%"
"11/07/2018","24.420","24.330","24.445","24.330","0.02K","2.20%"
"11/06/2018","23.895","23.625","23.770","23.625","0.02K","0.36%"
"11/05/2018","23.810","23.810","23.810","23.810","","-1.96%"
"11/02/2018","24.285","23.905","23.970","23.905","0.01K","2.68%"
"11/01/2018","23.650","23.975","23.975","23.975","0.01K","-2.81%"
"10/31/2018","24.335","24.335","24.335","24.335","","1.93%"
"10/30/2018","23.875","23.875","23.875","23.875","","-2.87%"
"10/29/2018","24.580","24.580","24.580","24.580","","1.24%"
"10/26/2018","24.280","24.280","24.280","24.280","","-2.35%"
"10/25/2018","24.865","24.865","24.865","24.865","","-1.56%"
"10/24/2018","25.260","25.260","25.260","25.260","","-1.58%"
"10/23/2018","25.665","25.665","25.665","25.665","","-1.72%"
"10/22/2018","26.115","26.115","26.115","26.115","","-2.77%"
"10/19/2018","26.860","26.860","26.860","26.860","","3.21%"
"10/18/2018","26.025","26.025","26.025","26.025","","0.33%"
"10/17/2018","25.940","25.625","25.625","25.625","0.00K","-1.48%"
"10/16/2018","26.330","26.330","26.330","26.330","0.01K","-1.11%"
"10/15/2018","26.625","27.050","27.050","27.050","0.01K","-0.02%"
"10/12/2018","26.630","26.630","26.630","26.630","","3.38%"
"10/11/2018","25.760","25.925","25.925","25.925","0.01K","-1.75%"
"10/10/2018","26.220","26.625","26.625","26.625","0.02K","-2.29%"
"10/09/2018","26.835","26.835","26.835","26.835","","-1.41%"
"10/08/2018","27.220","27.220","27.220","27.220","","-2.44%"
"10/05/2018","27.900","27.900","27.900","27.900","","1.57%"
"10/04/2018","27.470","27.470","27.470","27.470","","1.31%"
"10/03/2018","27.115","27.115","27.115","27.115","","-0.51%"
"10/02/2018","27.255","27.860","27.860","27.425","0.01K","-0.69%"
"10/01/2018","27.445","26.735","27.355","26.585","0.07K","0.42%"
"09/28/2018","27.330","27.900","27.900","27.445","0.07K","-0.89%"
"09/27/2018","27.575","27.575","27.575","27.575","","-2.42%"
"09/26/2018","28.260","28.260","28.260","28.260","","-3.32%"
"09/25/2018","29.230","29.355","29.535","28.815","0.06K","-0.05%"
"09/24/2018","29.245","29.490","29.560","29.300","0.08K","1.81%"
"09/21/2018","28.725","28.105","28.790","28.055","0.09K","0.47%"
"09/20/2018","28.590","28.830","29.070","28.595","0.10K","0.95%"
"09/19/2018","28.320","27.735","28.380","27.735","0.03K","3.32%"
"09/18/2018","27.410","27.585","27.585","27.275","0.07K","-2.37%"
"09/17/2018","28.075","28.195","28.195","27.815","0.09K","4.25%"
"09/14/2018","26.930","27.025","27.110","26.785","0.09K","0.45%"
"09/13/2018","26.810","27.335","27.375","26.655","0.09K","-2.49%"
"09/12/2018","27.495","27.640","28.145","27.460","0.07K","-4.46%"
"09/11/2018","28.780","28.270","28.650","28.250","0.02K","-1.18%"
"09/10/2018","29.125","28.590","28.775","28.540","0.03K","4.06%"
"09/07/2018","27.990","28.025","28.025","28.025","0.01K","1.95%"
"09/06/2018","27.455","27.420","27.420","27.410","0.01K","1.61%"
"09/05/2018","27.020","27.020","27.020","27.020","","1.16%"
"09/04/2018","26.710","26.965","26.965","26.665","0.05K","3.39%"
"08/31/2018","25.835","26.025","26.025","26.025","0.01K","-1.13%"
"08/30/2018","26.130","26.130","26.130","26.130","","1.01%"
"08/29/2018","25.870","25.870","25.870","25.870","","2.01%"
"08/28/2018","25.360","25.500","25.500","25.500","0.01K","-0.20%"
"08/27/2018","25.410","25.410","25.410","25.410","","1.74%"
"08/24/2018","24.975","24.875","24.895","24.875","0.01K","0.87%"
"08/23/2018","24.760","24.825","24.825","24.710","0.01K","1.27%"
"08/22/2018","24.450","24.725","24.725","24.410","0.02K","0.18%"
"08/21/2018","24.405","24.405","24.405","24.405","","0.93%"
"08/20/2018","24.180","23.915","24.180","23.820","0.02K","0.10%"
"08/17/2018","24.155","24.160","24.185","24.160","0.01K","1.34%"
"08/16/2018","23.835","23.880","23.880","23.850","0.05K","1.34%"
"08/15/2018","23.520","23.525","23.525","23.470","0.02K","-0.86%"
"08/14/2018","23.725","23.780","23.780","23.780","0.01K","0.96%"
"08/13/2018","23.500","23.500","23.500","23.500","","2.71%"
"08/10/2018","22.880","22.625","22.625","22.595","0.02K","0.73%"
"08/09/2018","22.715","22.775","22.800","22.775","0.01K","0.51%"
"08/08/2018","22.600","22.675","22.675","22.650","0.02K","-0.04%"
"08/07/2018","22.610","22.800","22.800","22.775","0.01K","0.49%"
"08/06/2018","22.500","22.500","22.500","22.500","","1.08%"
"08/03/2018","22.260","22.260","22.260","22.260","","1.48%"
"08/02/2018","21.935","22.000","22.000","22.000","0.01K","0.02%"
"08/01/2018","21.930","21.930","21.930","21.930","","-0.84%"
"07/31/2018","22.115","22.115","22.115","22.115","0.01K","0.25%"
"07/30/2018","22.060","22.060","22.060","22.060","","0.78%"
"07/27/2018","21.890","21.890","21.890","21.890","","-1.02%"
"07/26/2018","22.115","22.115","22.115","22.115","","-0.25%"
"07/25/2018","22.170","22.170","22.170","22.170","","0.34%"
"07/24/2018","22.095","22.095","22.095","22.095","","0.30%"
"07/23/2018","22.030","22.030","22.030","22.030","","0.71%"
"07/20/2018","21.875","21.875","21.875","21.875","","-1.26%"
"07/19/2018","22.155","22.300","22.300","22.300","0.01K","0.07%"
"07/18/2018","22.140","22.140","22.140","22.140","","1.33%"
"07/17/2018","21.850","21.850","21.850","21.850","","-0.77%"
"07/16/2018","22.020","22.020","22.020","22.020","","-1.10%"
"07/13/2018","22.265","22.265","22.265","22.265","","1.34%"
"07/12/2018","21.970","21.970","21.970","21.970","","-2.70%"
"07/11/2018","22.580","22.580","22.580","22.580","","-0.66%"
"07/10/2018","22.730","22.730","22.730","22.730","","0.00%"
"07/09/2018","22.730","22.730","22.730","22.730","","1.68%"
"07/06/2018","22.355","22.355","22.355","22.355","","-0.49%"
"07/05/2018","22.465","22.465","22.465","22.465","","0.92%"
"07/03/2018","22.260","22.260","22.260","22.260","","0.09%"
"07/02/2018","22.240","22.240","22.240","22.240","","1.67%"
"06/29/2018","21.875","21.875","21.875","21.875","","-0.39%"
"06/28/2018","21.960","21.960","21.960","21.960","","-0.34%"
"06/27/2018","22.035","22.035","22.035","22.035","","2.51%"
"06/26/2018","21.495","21.495","21.495","21.495","0.02K","-0.23%"
"06/25/2018","21.545","21.630","21.630","21.630","0.01K","-0.51%"
"06/22/2018","21.655","21.655","21.655","21.655","0.01K","0.51%"
"06/21/2018","21.545","21.545","21.545","21.545","","0.21%"
"06/20/2018","21.500","21.500","21.500","21.500","0.00K","-0.90%"
"06/19/2018","21.695","21.695","21.695","21.695","0.00K","-2.01%"
"06/18/2018","22.140","22.140","22.140","22.140","","1.79%"
"06/15/2018","21.750","21.750","21.750","21.750","","-2.71%"
"06/14/2018","22.355","22.355","22.355","22.355","","-0.11%"
"06/13/2018","22.380","22.380","22.380","22.380","","2.73%"
"06/12/2018","21.785","21.785","21.785","21.785","","2.04%"
"06/11/2018","21.350","21.350","21.350","21.350","","-0.88%"
"06/08/2018","21.540","21.540","21.540","21.540","","-0.58%"
"06/07/2018","21.665","21.665","21.665","21.665","","1.62%"
"06/06/2018","21.320","21.320","21.320","21.320","","-0.51%"
"06/05/2018","21.430","21.430","21.430","21.430","","-2.17%"
"06/04/2018","21.905","21.905","21.905","21.905","","0.60%"
"06/01/2018","21.775","21.775","21.775","21.775","","-3.57%"
"05/31/2018","22.580","22.580","22.580","22.580","","-1.76%"
"05/30/2018","22.985","22.985","22.985","22.985","","1.46%"
"05/29/2018","22.655","22.655","22.655","22.655","","3.90%"
"05/25/2018","21.805","22.260","22.260","22.130","0.02K","-3.92%"
"05/24/2018","22.695","22.695","22.695","22.695","","-0.09%"
"05/23/2018","22.715","22.715","22.715","22.715","","-0.83%"
"05/22/2018","22.905","22.905","22.905","22.905","","2.37%"
"05/21/2018","22.375","22.375","22.375","22.375","","1.45%"
"05/18/2018","22.055","22.055","22.055","22.055","","-1.10%"
"05/17/2018","22.300","22.300","22.300","22.300","","2.91%"
"05/16/2018","21.670","21.395","21.395","21.395","0.01K","0.60%"
"05/15/2018","21.540","21.540","21.540","21.540","0.03K","-0.39%"
"05/14/2018","21.625","21.625","21.625","21.625","","1.69%"
"05/11/2018","21.265","21.265","21.265","21.265","0.01K","1.24%"
"05/10/2018","21.005","21.005","21.005","21.005","","0.77%"
"05/09/2018","20.845","21.135","21.135","20.840","0.02K","1.19%"
"05/08/2018","20.600","20.600","20.600","20.600","","0.88%"
"05/07/2018","20.420","20.420","20.420","20.420","","0.00%"
"05/04/2018","20.420","20.420","20.420","20.420","","2.36%"
"05/03/2018","19.950","19.950","19.950","19.950","","0.43%"
"05/02/2018","19.865","19.865","19.865","19.865","","-1.14%"
"05/01/2018","20.095","20.095","20.095","20.095","","-2.26%"
"04/30/2018","20.560","20.560","20.560","20.560","","1.46%"
"04/27/2018","20.265","20.265","20.265","20.265","","0.57%"
"04/26/2018","20.150","20.150","20.150","20.150","","1.36%"
"04/25/2018","19.880","19.550","19.560","19.550","0.02K","1.04%"
"04/24/2018","19.675","19.635","19.635","19.625","0.02K","-1.08%"
"04/23/2018","19.890","19.890","19.890","19.890","","0.45%"
"04/20/2018","19.800","19.835","19.835","19.835","0.01K","-0.30%"
"04/19/2018","19.860","19.520","19.520","19.520","0.02K","2.85%"
"04/18/2018","19.310","19.310","19.310","19.310","","1.55%"
"04/17/2018","19.015","19.015","19.015","19.015","","-1.73%"
"04/16/2018","19.350","19.350","19.350","19.350","","-1.12%"
"04/13/2018","19.570","19.570","19.570","19.570","","1.85%"
"04/12/2018","19.215","19.215","19.215","19.215","","-0.21%"
"04/11/2018","19.255","19.255","19.255","19.255","","2.20%"
"04/10/2018","18.840","18.840","18.840","18.840","","1.05%"
"04/09/2018","18.645","18.645","18.645","18.645","","2.56%"
"04/06/2018","18.180","18.180","18.180","18.180","","0.28%"
"04/05/2018","18.130","18.130","18.130","18.130","","-0.30%"
"04/04/2018","18.185","18.185","18.185","18.185","","0.80%"
"04/03/2018","18.040","18.040","18.040","18.040","","-1.02%"
"04/02/2018","18.225","18.225","18.225","18.225","","0.00%"
"03/29/2018","18.225","18.225","18.225","18.225","","-0.79%"
"03/28/2018","18.370","18.370","18.370","18.370","","-0.68%"
"03/27/2018","18.495","18.495","18.495","18.495","","2.81%"
"03/26/2018","17.990","17.990","17.990","17.990","","-2.47%"
"03/23/2018","18.445","18.445","18.445","18.445","","-2.97%"
"03/22/2018","19.010","19.010","19.010","19.010","","-1.96%"
"03/21/2018","19.390","19.390","19.390","19.390","0.01K","1.12%"
"03/20/2018","19.175","19.175","19.175","19.175","","2.54%"
"03/19/2018","18.700","18.700","18.700","18.700","","0.24%"
"03/16/2018","18.655","18.655","18.655","18.655","0.03K","-0.77%"
"03/15/2018","18.800","18.800","18.800","18.800","0.01K","0.99%"
"03/14/2018","18.615","18.615","18.615","18.615","","-4.37%"
"03/13/2018","19.465","19.465","19.465","19.465","","-1.24%"
"03/12/2018","19.710","19.710","19.710","19.710","0.05K","4.07%"
"03/09/2018","18.940","18.940","18.940","18.940","0.04K","3.41%"
"03/08/2018","18.315","18.315","18.315","18.315","","2.72%"
"03/07/2018","17.830","17.830","17.830","17.830","","0.73%"
"03/06/2018","17.700","17.700","17.700","17.700","","1.06%"
"03/05/2018","17.515","17.515","17.515","17.515","","-1.63%"
"03/02/2018","17.805","17.805","17.805","17.805","","1.40%"
"03/01/2018","17.560","17.560","17.560","17.560","0.05K","1.21%"
"02/28/2018","17.350","17.350","17.350","17.350","","-9.61%"
"02/27/2018","19.195","19.195","19.195","19.195","","2.70%"
"02/26/2018","18.690","18.690","18.690","18.690","","-8.43%"
"02/23/2018","20.410","20.410","20.410","20.410","","2.36%"
"02/22/2018","19.940","19.940","19.940","19.940","","0.81%"
"02/21/2018","19.780","19.780","19.780","19.780","","0.05%"
"02/20/2018","19.770","19.770","19.770","19.770","","8.84%"
"02/16/2018","18.165","18.165","18.165","18.165","","2.11%"
"02/15/2018","17.790","17.790","17.790","17.790","","-1.58%"
"02/14/2018","18.075","18.075","18.075","18.075","","-1.26%"
"02/13/2018","18.305","18.305","18.305","18.305","","1.98%"
"02/12/2018","17.950","17.950","17.950","17.950","","0.28%"
"02/09/2018","17.900","17.900","17.900","17.900","","0.90%"
"02/08/2018","17.740","17.740","17.740","17.740","","-2.29%"
"02/07/2018","18.155","18.155","18.155","18.155","","1.54%"
"02/06/2018","17.880","17.880","17.880","17.880","","1.65%"
"02/05/2018","17.590","17.590","17.590","17.590","","-3.14%"
"02/02/2018","18.160","18.160","18.160","18.160","","0.06%"
"02/01/2018","18.150","18.150","18.150","18.150","","1.51%"
"01/31/2018","17.880","17.880","17.880","17.880","","2.70%"
"01/30/2018","17.410","17.410","17.410","17.410","","0.09%"
"01/29/2018","17.395","17.395","17.395","17.395","","-2.17%"
"01/26/2018","17.780","17.780","17.780","17.780","","0.00%"
"01/25/2018","17.780","17.780","17.780","17.780","","-0.06%"
"01/24/2018","17.790","17.790","17.790","17.790","","-2.25%"
"01/23/2018","18.200","18.200","18.200","18.200","","-1.86%"
"01/22/2018","18.545","18.545","18.545","18.545","","1.95%"
"01/19/2018","18.190","18.190","18.190","18.190","","-0.87%"
"01/18/2018","18.350","18.350","18.350","18.350","","-0.49%"
"01/17/2018","18.440","18.440","18.440","18.440","","-2.43%"
"01/16/2018","18.900","18.900","18.900","18.900","","-4.57%"
"01/12/2018","19.805","19.805","19.805","19.805","","2.51%"
"01/11/2018","19.320","19.320","19.320","19.320","","-0.03%"
"01/10/2018","19.325","19.325","19.325","19.325","","-0.57%"
"01/09/2018","19.435","19.435","19.435","19.435","","2.02%"
"01/08/2018","19.050","19.050","19.050","19.050","","0.71%"
"01/05/2018","18.915","18.915","18.915","18.915","","-1.48%"
"01/04/2018","19.200","19.200","19.200","19.200","","-0.65%"
"01/03/2018","19.325","19.325","19.325","19.325","","0.03%"
"01/02/2018","19.320","19.320","19.320","19.320","","-1.53%"
"12/29/2017","19.620","19.620","19.620","19.620","","-0.43%"
"12/28/2017","19.705","19.705","19.705","19.705","","2.68%"
"12/27/2017","19.190","19.190","19.190","19.190","","-2.42%"
"12/26/2017","19.665","19.665","19.665","19.665","","0.00%"
"12/22/2017","19.665","19.665","19.665","19.665","","-1.67%"
"12/21/2017","20.000","20.000","20.000","20.000","","-1.45%"
"12/20/2017","20.295","20.295","20.295","20.295","","1.73%"
"12/19/2017","19.950","19.950","19.950","19.950","","-2.49%"
"12/18/2017","20.460","20.460","20.460","20.460","","-2.62%"
"12/15/2017","21.010","21.010","21.010","21.010","","-0.07%"
"12/14/2017","21.025","21.025","21.025","21.025","","1.69%"
"12/13/2017","20.675","20.675","20.675","20.675","","-4.86%"
"12/12/2017","21.730","21.730","21.730","21.730","","2.82%"
"12/11/2017","21.135","21.135","21.135","21.135","","1.17%"
"12/08/2017","20.890","20.890","20.890","20.890","","-1.76%"
"12/07/2017","21.265","21.265","21.265","21.265","","0.47%"
"12/06/2017","21.165","21.165","21.165","21.165","","-1.12%"
"12/05/2017","21.405","21.405","21.405","21.405","","0.14%"
"12/04/2017","21.375","21.375","21.375","21.375","","2.81%"
"12/01/2017","20.790","20.790","20.790","20.790","","2.39%"
"11/30/2017","20.305","20.305","20.305","20.305","","-0.22%"
"11/29/2017","20.350","20.350","20.350","20.350","","0.35%"
"11/28/2017","20.280","20.280","20.280","20.280","","-1.93%"
"11/27/2017","20.680","20.680","20.680","20.680","","1.10%"
"11/24/2017","20.455","20.455","20.455","20.455","","3.83%"
"11/22/2017","19.700","19.700","19.700","19.700","","-0.71%"
"11/21/2017","19.840","19.840","19.840","19.840","","1.74%"
"11/20/2017","19.500","19.500","19.500","19.500","","2.90%"
"11/17/2017","18.950","18.950","18.950","18.950","","-1.30%"
"11/16/2017","19.200","19.200","19.200","19.200","","0.97%"
"11/15/2017","19.015","19.015","19.015","19.015","","-1.66%"
"11/14/2017","19.335","19.335","19.335","19.335","","-2.86%"
"11/13/2017","19.905","19.905","19.905","19.905","","0.43%"
"11/10/2017","19.820","19.820","19.820","19.820","","1.56%"
"11/09/2017","19.515","19.515","19.515","19.515","","0.70%"
"11/08/2017","19.380","19.380","19.380","19.380","","0.28%"
"11/07/2017","19.325","19.325","19.325","19.325","","1.66%"
"11/06/2017","19.010","19.010","19.010","19.010","","3.82%"
"11/03/2017","18.310","18.310","18.310","18.310","","-1.45%"
"11/02/2017","18.580","18.580","18.580","18.580","","0.16%"
"11/01/2017","18.550","18.550","18.550","18.550","","1.45%"
"10/31/2017","18.285","18.285","18.285","18.285","","0.97%"
"10/30/2017","18.110","18.110","18.110","18.110","","-0.22%"
"10/27/2017","18.150","18.150","18.150","18.150","","0.44%"
"10/26/2017","18.070","18.070","18.070","18.070","","-0.22%"
"10/25/2017","18.110","18.110","18.110","18.110","","0.84%"
"10/24/2017","17.960","17.960","17.960","17.960","","-0.72%"
"10/23/2017","18.090","18.090","18.090","18.090","","-78.97%"