,0
2016-01-01,0.047647
2016-01-02,0.04682325
2016-01-03,0.04898625
2016-01-04,0.0855392499999999
2016-01-05,0.0782139999999999
2016-01-06,0.08958025
2016-01-07,0.0611085
2016-01-08,0.0624572499999999
2016-01-09,0.05387275
2016-01-10,0.0426285
2016-01-11,0.0729244999999999
2016-01-12,0.0617377499999999
2016-01-13,0.07643525
2016-01-14,0.08674825
2016-01-15,0.1011642499999999
2016-01-16,0.0566839999999999
2016-01-17,0.06005425
2016-01-18,0.1452942499999999
2016-01-19,0.16232175
2016-01-20,0.17529525
2016-01-21,0.1792872499999999
2016-01-22,0.14302475
2016-01-23,0.0609659999999999
2016-01-24,0.0562465
2016-01-25,0.0873159999999999
2016-01-26,0.07256575
2016-01-27,0.047472
2016-01-28,0.06252125
2016-01-29,0.04968025
2016-01-30,0.0425337499999999
2016-01-31,0.039254
2016-02-01,0.05081825
2016-02-02,0.0504982499999999
2016-02-03,0.0539584999999999
2016-02-04,0.05234625
2016-02-05,0.0630034999999999
2016-02-06,0.04060125
2016-02-07,0.0350835
2016-02-08,0.0450735
2016-02-09,0.0476815
2016-02-10,0.06227925
2016-02-11,0.0672464999999999
2016-02-12,0.0771172499999999
2016-02-13,0.0552705
2016-02-14,0.0512669999999999
2016-02-15,0.060877
2016-02-16,0.09983725
2016-02-17,0.0782679999999999
2016-02-18,0.0816579999999999
2016-02-19,0.0715634999999999
2016-02-20,0.04362975
2016-02-21,0.033878
2016-02-22,0.04702675
2016-02-23,0.0566847499999999
2016-02-24,0.0664365
2016-02-25,0.0747589999999999
2016-02-26,0.07323225
2016-02-27,0.0472514999999999
2016-02-28,0.0435517499999999
2016-02-29,0.0541
2016-03-01,0.0485165
2016-03-02,0.0460192499999999
2016-03-03,0.06264625
2016-03-04,0.0474297499999999
2016-03-05,0.04654
2016-03-06,0.04269175
2016-03-07,0.0787282499999999
2016-03-08,0.08435225
2016-03-09,0.04510025
2016-03-10,0.04748975
2016-03-11,0.0560685
2016-03-12,0.0413772499999999
2016-03-13,0.0379049999999999
2016-03-14,0.049055
2016-03-15,0.0642635
2016-03-16,0.0485575
2016-03-17,0.050339
2016-03-18,0.0478705
2016-03-19,0.0442107499999999
2016-03-20,0.0398404999999999
2016-03-21,0.0439619999999999
2016-03-22,0.0576675
2016-03-23,0.05966275
2016-03-24,0.0590689999999999
2016-03-25,0.03508975
2016-03-26,0.03143575
2016-03-27,0.024501
2016-03-28,0.02648375
2016-03-29,0.0331922499999999
2016-03-30,0.0492829999999999
2016-03-31,0.05722275
2016-04-01,0.05290575
2016-04-02,0.027641
2016-04-03,0.02488025
2016-04-04,0.043091
2016-04-05,0.0469234999999999
2016-04-06,0.02934325
2016-04-07,0.02911125
2016-04-08,0.0497194999999999
2016-04-09,0.0310562499999999
2016-04-10,0.0309335
2016-04-11,0.02842175
2016-04-12,0.057141
2016-04-13,0.0638567499999999
2016-04-14,0.06100725
2016-04-15,0.05146275
2016-04-16,0.0244887499999999
2016-04-17,0.0206855
2016-04-18,0.0437692499999999
2016-04-19,0.0311075
2016-04-20,0.0341479999999999
2016-04-21,0.034745
2016-04-22,0.03339175
2016-04-23,0.0256689999999999
2016-04-24,0.026619
2016-04-25,0.03753125
2016-04-26,0.04285
2016-04-27,0.0405042499999999
2016-04-28,0.0401492499999999
2016-04-29,0.037273
2016-04-30,0.0305345
2016-05-01,0.0288632499999999
2016-05-02,0.0350179999999999
2016-05-03,0.038724
2016-05-04,0.03784625
2016-05-05,0.0313455
2016-05-06,0.03167575
2016-05-07,0.02348425
2016-05-08,0.02266175
2016-05-09,0.034413
2016-05-10,0.04402425
2016-05-11,0.0292007499999999
2016-05-12,0.036096
2016-05-13,0.0388065
2016-05-14,0.02821125
2016-05-15,0.0218757499999999
2016-05-16,0.0236985
2016-05-17,0.046167
2016-05-18,0.0524142499999999
2016-05-19,0.06167475
2016-05-20,0.05016275
2016-05-21,0.0315525
2016-05-22,0.02141075
2016-05-23,0.05000875
2016-05-24,0.0647945
2016-05-25,0.06863775
2016-05-26,0.04743525
2016-05-27,0.0361122499999999
2016-05-28,0.0310284999999999
2016-05-29,0.0295374999999999
2016-05-30,0.0399
2016-05-31,0.05144825
2016-06-01,0.0516564999999999
2016-06-02,0.0490087499999999
2016-06-03,0.0382765
2016-06-04,0.0273354999999999
2016-06-05,0.02682675
2016-06-06,0.03104125
2016-06-07,0.02928575
2016-06-08,0.0304572499999999
2016-06-09,0.04341675
2016-06-10,0.02947025
2016-06-11,0.0269717499999999
2016-06-12,0.02657625
2016-06-13,0.0473772499999999
2016-06-14,0.0502417499999999
2016-06-15,0.05245075
2016-06-16,0.0362929999999999
2016-06-17,0.0399445
2016-06-18,0.03217675
2016-06-19,0.0316315
2016-06-20,0.0372325
2016-06-21,0.0502874999999999
2016-06-22,0.0382189999999999
2016-06-23,0.0385155
2016-06-24,0.03564375
2016-06-25,0.0280182499999999
2016-06-26,0.026517
2016-06-27,0.03453375
2016-06-28,0.0491575
2016-06-29,0.0318302499999999
2016-06-30,0.0465204999999999
2016-07-01,0.02966125
2016-07-02,0.0257134999999999
2016-07-03,0.02591375
2016-07-04,0.04400425
2016-07-05,0.03700275
2016-07-06,0.0338635
2016-07-07,0.032617
2016-07-08,0.0326644999999999
2016-07-09,0.028714
2016-07-10,0.0277375
2016-07-11,0.03560925
2016-07-12,0.03684175
2016-07-13,0.04743225
2016-07-14,0.0342974999999999
2016-07-15,0.033809
2016-07-16,0.03133825
2016-07-17,0.02860825
2016-07-18,0.0392019999999999
2016-07-19,0.0558445
2016-07-20,0.047494
2016-07-21,0.053534
2016-07-22,0.0464575
2016-07-23,0.02629
2016-07-24,0.02453925
2016-07-25,0.0525537499999999
2016-07-26,0.05469575
2016-07-27,0.0557195
2016-07-28,0.054561
2016-07-29,0.0336805
2016-07-30,0.02065475
2016-07-31,0.02165925
2016-08-01,0.0413255
2016-08-02,0.0489635
2016-08-03,0.04397475
2016-08-04,0.05036725
2016-08-05,0.0498402499999999
2016-08-06,0.02575875
2016-08-07,0.02362075
2016-08-08,0.029062
2016-08-09,0.04407675
2016-08-10,0.0471869999999999
2016-08-11,0.04003725
2016-08-12,0.029718
2016-08-13,0.0228964999999999
2016-08-14,0.0240669999999999
2016-08-15,0.0272977499999999
2016-08-16,0.05859575
2016-08-17,0.0723134999999999
2016-08-18,0.08213225
2016-08-19,0.080613
2016-08-20,0.0332519999999999
2016-08-21,0.0225365
2016-08-22,0.0766384999999999
2016-08-23,0.1104755
2016-08-24,0.1065385
2016-08-25,0.1009397499999999
2016-08-26,0.10209875
2016-08-27,0.0589532499999999
2016-08-28,0.02798175
2016-08-29,0.0824169999999999
2016-08-30,0.10214675
2016-08-31,0.1017909999999999
2016-09-01,0.1023305
2016-09-02,0.076483
2016-09-03,0.028725
2016-09-04,0.02943525
2016-09-05,0.0744497499999999
2016-09-06,0.1035724999999999
2016-09-07,0.10405325
2016-09-08,0.0987739999999999
2016-09-09,0.103347
2016-09-10,0.0591799999999999
2016-09-11,0.0556959999999999
2016-09-12,0.0993067499999999
2016-09-13,0.10543325
2016-09-14,0.0968862499999999
2016-09-15,0.0782969999999999
2016-09-16,0.1037145
2016-09-17,0.05716075
2016-09-18,0.0422275
2016-09-19,0.1063444999999999
2016-09-20,0.1158962499999999
2016-09-21,0.11324875
2016-09-22,0.105415
2016-09-23,0.0713745
2016-09-24,0.059771
2016-09-25,0.03490325
2016-09-26,0.0996264999999999
2016-09-27,0.10327125
2016-09-28,0.0365675
2016-09-29,0.033489
2016-09-30,0.08086
2016-10-01,0.0807639999999999
2016-10-02,0.07493775
2016-10-03,0.07770625
2016-10-04,0.0604857499999999
2016-10-05,0.0677415
2016-10-06,0.0989309999999999
2016-10-07,0.1216469999999999
2016-10-08,0.07432725
2016-10-09,0.0841065
2016-10-10,0.1244825
2016-10-11,0.10903
2016-10-12,0.1005009999999999
2016-10-13,0.07615825
2016-10-14,0.0585244999999999
2016-10-15,0.05559025
2016-10-16,0.05999325
2016-10-17,0.1164399999999999
2016-10-18,0.10894775
2016-10-19,0.109321
2016-10-20,0.10815175
2016-10-21,0.105574
2016-10-22,0.077557
2016-10-23,0.07982475
2016-10-24,0.1164972499999999
2016-10-25,0.1269719999999999
2016-10-26,0.11827575
2016-10-27,0.0890554999999999
2016-10-28,0.07702675
2016-10-29,0.048983
2016-10-30,0.04378025
2016-10-31,0.0847167499999999
2016-11-01,0.0462184999999999
2016-11-02,0.055087
2016-11-03,0.0967477499999999
2016-11-04,0.063883
2016-11-05,0.054366
2016-11-06,0.05431225
2016-11-07,0.10528275
2016-11-08,0.13369075
2016-11-09,0.132621
2016-11-10,0.12888575
2016-11-11,0.1402757499999999
2016-11-12,0.08683825
2016-11-13,0.06528325
2016-11-14,0.1002284999999999
2016-11-15,0.0962945
2016-11-16,0.0958535
2016-11-17,0.0671335
2016-11-18,0.06240075
2016-11-19,0.05118
2016-11-20,0.0443895
2016-11-21,0.0801715
2016-11-22,0.10083575
2016-11-23,0.11718775
2016-11-24,0.1100759999999999
2016-11-25,0.1102635
2016-11-26,0.0849875
2016-11-27,0.0559159999999999
2016-11-28,0.0972915
2016-11-29,0.12179225
2016-11-30,0.0668627499999999
2016-12-01,0.0664402499999999
2016-12-02,0.09910875
2016-12-03,0.098166
2016-12-04,0.08595425
2016-12-05,0.1380019999999999
2016-12-06,0.1445082499999999
2016-12-07,0.1330017499999999
2016-12-08,0.0793549999999999
2016-12-09,0.0881132499999999
2016-12-10,0.0625535
2016-12-11,0.048913
2016-12-12,0.11227975
2016-12-13,0.12560425
2016-12-14,0.1514462499999999
2016-12-15,0.14173975
2016-12-16,0.14007125
2016-12-17,0.1259555
2016-12-18,0.1140195
2016-12-19,0.14621275
2016-12-20,0.1438652499999999
2016-12-21,0.11775425
2016-12-22,0.1285355
2016-12-23,0.11120525
2016-12-24,0.047473
2016-12-25,0.0353395
2016-12-26,0.03417
2016-12-27,0.0606289999999999
2016-12-28,0.1013764999999999
2016-12-29,0.107162
2016-12-30,0.0921184999999999
2016-12-31,0.0610864999999999
2017-01-01,0.054888
2017-01-02,0.0926499999999999
2017-01-03,0.07643625
2017-01-04,0.078426
2017-01-05,0.128649
2017-01-06,0.1355332499999999
2017-01-07,0.093226
2017-01-08,0.09190625
2017-01-09,0.1445935
2017-01-10,0.1559712499999999
2017-01-11,0.0990627499999999
2017-01-12,0.09063075
2017-01-13,0.0884442499999999
2017-01-14,0.065947
2017-01-15,0.071172
2017-01-16,0.15751925
2017-01-17,0.16456975
2017-01-18,0.1613945
2017-01-19,0.161421
2017-01-20,0.1511337499999999
2017-01-21,0.1343702499999999
2017-01-22,0.10726425
2017-01-23,0.1594702499999999
2017-01-24,0.1817244999999999
2017-01-25,0.16368975
2017-01-26,0.12880075
2017-01-27,0.1266057499999999
2017-01-28,0.1037132499999999
2017-01-29,0.0799755
2017-01-30,0.1216962499999999
2017-01-31,0.1554687499999999
2017-02-01,0.12756725
2017-02-02,0.0988555
2017-02-03,0.10084125
2017-02-04,0.0710712499999999
2017-02-05,0.07182675
2017-02-06,0.13374725
2017-02-07,0.14166125
2017-02-08,0.1344877499999999
2017-02-09,0.1479397499999999
2017-02-10,0.123236
2017-02-11,0.0670792499999999
2017-02-12,0.0681612499999999
2017-02-13,0.10256525
2017-02-14,0.10186425
2017-02-15,0.114569
2017-02-16,0.10374425
2017-02-17,0.11899725
2017-02-18,0.07694
2017-02-19,0.0588029999999999
2017-02-20,0.0640384999999999
2017-02-21,0.06313875
2017-02-22,0.05630325
2017-02-23,0.0651872499999999
2017-02-24,0.0691169999999999
2017-02-25,0.06177275
2017-02-26,0.05448425
2017-02-27,0.05459675
2017-02-28,0.069532
2017-03-01,0.07535975
2017-03-02,0.05880775
2017-03-03,0.081755
2017-03-04,0.0558435
2017-03-05,0.04377525
2017-03-06,0.0984877499999999
2017-03-07,0.13841625
2017-03-08,0.09293675
2017-03-09,0.0925555
2017-03-10,0.07528175
2017-03-11,0.0723704999999999
2017-03-12,0.0484995
2017-03-13,0.07862975
2017-03-14,0.0859914999999999
2017-03-15,0.0730092499999999
2017-03-16,0.0717812499999999
2017-03-17,0.050561
2017-03-18,0.04000675
2017-03-19,0.04002725
2017-03-20,0.0469324999999999
2017-03-21,0.0638799999999999
2017-03-22,0.0860605
2017-03-23,0.0928245
2017-03-24,0.08909925
2017-03-25,0.0573755
2017-03-26,0.0455035
2017-03-27,0.08153275
2017-03-28,0.0801602499999999
2017-03-29,0.04963975
2017-03-30,0.0603874999999999
2017-03-31,0.06367075
2017-04-01,0.04965025
2017-04-02,0.0467962499999999
2017-04-03,0.07716175
2017-04-04,0.08521425
2017-04-05,0.06654875
2017-04-06,0.062981
2017-04-07,0.0689334999999999
2017-04-08,0.0693637499999999
2017-04-09,0.0426777499999999
2017-04-10,0.054053
2017-04-11,0.065522
2017-04-12,0.048032
2017-04-13,0.05193
2017-04-14,0.04447
2017-04-15,0.0360574999999999
2017-04-16,0.0320095
2017-04-17,0.0384155
2017-04-18,0.0695165
2017-04-19,0.077289
2017-04-20,0.0794675
2017-04-21,0.0541864999999999
2017-04-22,0.0430532499999999
2017-04-23,0.04136175
2017-04-24,0.05353975
2017-04-25,0.0701425
2017-04-26,0.1011355
2017-04-27,0.0824147499999999
2017-04-28,0.0858419999999999
2017-04-29,0.051733
2017-04-30,0.03815875
2017-05-01,0.0359165
2017-05-02,0.05469775
2017-05-03,0.06958375
2017-05-04,0.0748899999999999
2017-05-05,0.0810789999999999
2017-05-06,0.0508832499999999
2017-05-07,0.04874625
2017-05-08,0.0704137499999999
2017-05-09,0.0812015
2017-05-10,0.0757742499999999
2017-05-11,0.0661315
2017-05-12,0.05154875
2017-05-13,0.0453469999999999
2017-05-14,0.04268925
2017-05-15,0.064907
2017-05-16,0.0670097499999999
2017-05-17,0.0658549999999999
2017-05-18,0.0612947499999999
2017-05-19,0.05812475
2017-05-20,0.03744075
2017-05-21,0.036179
2017-05-22,0.05860525
2017-05-23,0.06360275
2017-05-24,0.049614
2017-05-25,0.0297084999999999
2017-05-26,0.0292944999999999
2017-05-27,0.02429025
2017-05-28,0.0266954999999999
2017-05-29,0.0855445
2017-05-30,0.09916475
2017-05-31,0.0674369999999999
2017-06-01,0.06563775
2017-06-02,0.0683067499999999
2017-06-03,0.0546092499999999
2017-06-04,0.0339965
2017-06-05,0.03417575
2017-06-06,0.040213
2017-06-07,0.0356247499999999
2017-06-08,0.0456735
2017-06-09,0.047323
2017-06-10,0.03603825
2017-06-11,0.03229225
2017-06-12,0.0388259999999999
2017-06-13,0.06069575
2017-06-14,0.06679225
2017-06-15,0.0560149999999999
2017-06-16,0.03458425
2017-06-17,0.03666675
2017-06-18,0.0417795
2017-06-19,0.080856
2017-06-20,0.0829277499999999
2017-06-21,0.0867535
2017-06-22,0.080271
2017-06-23,0.05565025
2017-06-24,0.0297639999999999
2017-06-25,0.0255199999999999
2017-06-26,0.06839625
2017-06-27,0.0977152499999999
2017-06-28,0.0804669999999999
2017-06-29,0.08553725
2017-06-30,0.05284225
2017-07-01,0.03498775
2017-07-02,0.0326747499999999
2017-07-03,0.06082325
2017-07-04,0.0746542499999999
2017-07-05,0.0871622499999999
2017-07-06,0.1044419999999999
2017-07-07,0.1011589999999999
2017-07-08,0.06519975
2017-07-09,0.05090925
2017-07-10,0.11427
2017-07-11,0.1014525
2017-07-12,0.0838462499999999
2017-07-13,0.0791207499999999
2017-07-14,0.0868079999999999
2017-07-15,0.0624952499999999
2017-07-16,0.043878
2017-07-17,0.090442
2017-07-18,0.099651
2017-07-19,0.0896227499999999
2017-07-20,0.0998644999999999
2017-07-21,0.0841137499999999
2017-07-22,0.0508255
2017-07-23,0.0370782499999999
2017-07-24,0.093636
2017-07-25,0.06609175
2017-07-26,0.0684844999999999
2017-07-27,0.06407675
2017-07-28,0.04147875
2017-07-29,0.0279235
2017-07-30,0.0263374999999999
2017-07-31,0.0528827499999999
2017-08-01,0.065094
2017-08-02,0.06726075
2017-08-03,0.0409334999999999
2017-08-04,0.0355637499999999
2017-08-05,0.0298959999999999
2017-08-06,0.0287495
2017-08-07,0.0500987499999999
2017-08-08,0.0536669999999999
2017-08-09,0.045677
2017-08-10,0.064713
2017-08-11,0.0704909999999999
2017-08-12,0.02793375
2017-08-13,0.02266775
2017-08-14,0.0381125
2017-08-15,0.0302277499999999
2017-08-16,0.0456782499999999
2017-08-17,0.0487075
2017-08-18,0.04988725
2017-08-19,0.02431225
2017-08-20,0.0220475
2017-08-21,0.0305034999999999
2017-08-22,0.03196175
2017-08-23,0.03057675
2017-08-24,0.0356639999999999
2017-08-25,0.0353435
2017-08-26,0.0261472499999999
2017-08-27,0.0232974999999999
2017-08-28,0.04212425
2017-08-29,0.04000825
2017-08-30,0.042687
2017-08-31,0.0540105
2017-09-01,0.05642325
2017-09-02,0.02680125
2017-09-03,0.02787875
2017-09-04,0.05043025
2017-09-05,0.05035075
2017-09-06,0.03087625
2017-09-07,0.04659325
2017-09-08,0.0299259999999999
2017-09-09,0.02738575
2017-09-10,0.0246615
2017-09-11,0.03182925
2017-09-12,0.0334745
2017-09-13,0.032769
2017-09-14,0.034578
2017-09-15,0.03501925
2017-09-16,0.0302654999999999
2017-09-17,0.03152325
2017-09-18,0.08913725
2017-09-19,0.08930225
2017-09-20,0.0784897499999999
2017-09-21,0.07355575
2017-09-22,0.0745455
2017-09-23,0.0574392499999999
2017-09-24,0.0406255
2017-09-25,0.09411275
2017-09-26,0.10175375
2017-09-27,0.09914775
2017-09-28,0.1018794999999999
2017-09-29,0.08982975
2017-09-30,0.047632
2017-10-01,0.037313
2017-10-02,0.0394927499999999
2017-10-03,0.03814425
2017-10-04,0.06035025
2017-10-05,0.0466465
2017-10-06,0.0538024999999999
2017-10-07,0.034712
2017-10-08,0.03469825
2017-10-09,0.096073
2017-10-10,0.06441025
2017-10-11,0.046068
2017-10-12,0.05096325
2017-10-13,0.06466825
2017-10-14,0.03670275
2017-10-15,0.0335262499999999
2017-10-16,0.07551625
2017-10-17,0.0916897499999999
2017-10-18,0.1181859999999999
2017-10-19,0.111834
2017-10-20,0.0776509999999999
2017-10-21,0.0381147499999999
2017-10-22,0.03487725
2017-10-23,0.0962705
2017-10-24,0.08380675
2017-10-25,0.0631502499999999
2017-10-26,0.0973462499999999
2017-10-27,0.06121775
2017-10-28,0.04269275
2017-10-29,0.0352889999999999
2017-10-30,0.051773
2017-10-31,0.06767725
2017-11-01,0.0699619999999999
2017-11-02,0.0728849999999999
2017-11-03,0.11938225
2017-11-04,0.0482007499999999
2017-11-05,0.04775125
2017-11-06,0.12590375
2017-11-07,0.1305605
2017-11-08,0.143285
2017-11-09,0.127656
2017-11-10,0.0778964999999999
2017-11-11,0.0579087499999999
2017-11-12,0.049972
2017-11-13,0.092726
2017-11-14,0.0926375
2017-11-15,0.129799
2017-11-16,0.1274844999999999
2017-11-17,0.0953594999999999
2017-11-18,0.0607609999999999
2017-11-19,0.0448965
2017-11-20,0.09423125
2017-11-21,0.1216894999999999
2017-11-22,0.072916
2017-11-23,0.0533559999999999
2017-11-24,0.0753605
2017-11-25,0.0549344999999999
2017-11-26,0.04495875
2017-11-27,0.0656427499999999
2017-11-28,0.08910575
2017-11-29,0.1531519999999999
2017-11-30,0.1606945
2017-12-01,0.144849
2017-12-02,0.06882425
2017-12-03,0.05681875
2017-12-04,0.0724354999999999
2017-12-05,0.08033825
2017-12-06,0.0850834999999999
2017-12-07,0.0822447499999999
2017-12-08,0.0843619999999999
2017-12-09,0.0608165
2017-12-10,0.05567775
2017-12-11,0.0918652499999999
2017-12-12,0.0772185
2017-12-13,0.067158
2017-12-14,0.0743465
2017-12-15,0.1115047499999999
2017-12-16,0.06655175
2017-12-17,0.06422475
2017-12-18,0.13155425
2017-12-19,0.1463639999999999
2017-12-20,0.1430984999999999
2017-12-21,0.104297
2017-12-22,0.0729365
2017-12-23,0.0354979999999999
2017-12-24,0.0231647499999999
2017-12-25,0.0269352499999999
2017-12-26,0.0283062499999999
2017-12-27,0.04194125
2017-12-28,0.0585484999999999
2017-12-29,0.0518675
2017-12-30,0.0343715
2017-12-31,0.0258369999999999
2018-01-01,0.0639922499999999
2018-01-02,0.1138
2018-01-03,0.0888979999999999
2018-01-04,0.10925675
2018-01-05,0.1190254999999999
2018-01-06,0.1035309999999999
2018-01-07,0.0921204999999999
2018-01-08,0.1363917499999999
2018-01-09,0.146779
2018-01-10,0.1883114999999998
2018-01-11,0.23479875
2018-01-12,0.20220675
2018-01-13,0.1273275
2018-01-14,0.11649025
2018-01-15,0.1271229999999999
2018-01-16,0.11886775
2018-01-17,0.1254765
2018-01-18,0.12058875
2018-01-19,0.1788139999999999
2018-01-20,0.12979725
2018-01-21,0.0631317499999999
2018-01-22,0.1723535
2018-01-23,0.1605392499999999
2018-01-24,0.10354375
2018-01-25,0.152449
2018-01-26,0.18775375
2018-01-27,0.1133575
2018-01-28,0.06792825
2018-01-29,0.09606825
2018-01-30,0.1552887499999999
2018-01-31,0.1211835
2018-02-01,0.1408672499999999
2018-02-02,0.1620902499999999
2018-02-03,0.169383
2018-02-04,0.1414425
2018-02-05,0.23149775
2018-02-06,0.25601625
2018-02-07,0.2638415
2018-02-08,0.2547345000000001
2018-02-09,0.1989409999999999
2018-02-10,0.17323375
2018-02-11,0.1154845
2018-02-12,0.1529374999999999
2018-02-13,0.1776752499999999
2018-02-14,0.1828817499999999
2018-02-15,0.1600452499999999
2018-02-16,0.1874605
2018-02-17,0.17547625
2018-02-18,0.132391
2018-02-19,0.219564
2018-02-20,0.244878
2018-02-21,0.2378082500000001
2018-02-22,0.1924065
2018-02-23,0.1591474999999999
2018-02-24,0.1238667499999999
2018-02-25,0.12745
2018-02-26,0.16012375
2018-02-27,0.1744687499999999
2018-02-28,0.1493382499999999
2018-03-01,0.1356354999999999
2018-03-02,0.1311974999999999
2018-03-03,0.116848
2018-03-04,0.1073257499999999
2018-03-05,0.14836375
2018-03-06,0.2059179999999998
2018-03-07,0.20201575
2018-03-08,0.1175719999999999
2018-03-09,0.12906425
2018-03-10,0.10258125
2018-03-11,0.084335
2018-03-12,0.12229325
2018-03-13,0.10937025
2018-03-14,0.123628
2018-03-15,0.11302925
2018-03-16,0.1240862499999999
2018-03-17,0.08595325
2018-03-18,0.0798474999999999
2018-03-19,0.1594397500000001
2018-03-20,0.17000075
2018-03-21,0.1946207499999998
2018-03-22,0.165899
2018-03-23,0.1965755
2018-03-24,0.1240405
2018-03-25,0.09868975
2018-03-26,0.18505475
2018-03-27,0.1815345
2018-03-28,0.1407357499999999
2018-03-29,0.09767825
2018-03-30,0.0842545
2018-03-31,0.09014725
2018-04-01,0.0818697499999999
2018-04-02,0.0814962499999999
2018-04-03,0.0992005
2018-04-04,0.10676025
2018-04-05,0.0912455
2018-04-06,0.0456082499999999
2018-04-07,0.0314972499999999
2018-04-08,0.0722122499999999
2018-04-09,0.11973675
2018-04-10,0.03403275
2018-04-11,0.0485742499999999
2018-04-12,0.086008
2018-04-13,0.09533075
2018-04-14,0.0612125
2018-04-15,0.0584854999999999
2018-04-16,0.1142269999999999
2018-04-17,0.10245725
2018-04-18,0.0939634999999999
2018-04-19,0.09072925
2018-04-20,0.0832785
2018-04-21,0.0514979999999999
2018-04-22,0.0483845
2018-04-23,0.0737064999999999
2018-04-24,0.07135925
2018-04-25,0.05895125
2018-04-26,0.0684585
2018-04-27,0.0789597499999999
2018-04-28,0.0646892499999999
2018-04-29,0.0480427499999999
2018-04-30,0.0594677499999999
2018-05-01,0.050599
2018-05-02,0.0815017499999999
2018-05-03,0.0847649999999999
2018-05-04,0.0843359999999999
2018-05-05,0.06044225
2018-05-06,0.05294425
2018-05-07,0.0655865
2018-05-08,0.06271225
2018-05-09,0.0730964999999999
2018-05-10,0.04957775
2018-05-11,0.0657859999999999
2018-05-12,0.0527039999999999
2018-05-13,0.046421
2018-05-14,0.0718864999999999
2018-05-15,0.0761134999999999
2018-05-16,0.08194775
2018-05-17,0.0714685
2018-05-18,0.0778484999999999
2018-05-19,0.06516675
2018-05-20,0.0516105
2018-05-21,0.04946175
2018-05-22,0.078318
2018-05-23,0.0786982499999999
2018-05-24,0.0796487499999999
2018-05-25,0.0709379999999999
2018-05-26,0.0547685
2018-05-27,0.0523484999999999
2018-05-28,0.0777027499999999
2018-05-29,0.07745875
2018-05-30,0.0889344999999999
2018-05-31,0.05927125
2018-06-01,0.0670225
2018-06-02,0.0633632499999999
2018-06-03,0.05858125
2018-06-04,0.0345772499999999
2018-06-05,0.04738825
2018-06-06,0.0979959999999999
2018-06-07,0.11188825
2018-06-08,0.1204969999999999
2018-06-09,0.0765345
2018-06-10,0.0650259999999999
2018-06-11,0.12129325
2018-06-12,0.1205945
2018-06-13,0.122488
2018-06-14,0.10035825
2018-06-15,0.10908175
2018-06-16,0.0656722499999999
2018-06-17,0.0302192499999999
2018-06-18,0.03519025
2018-06-19,0.09857225
2018-06-20,0.0977267499999999
2018-06-21,0.0879665
2018-06-22,0.08385775
2018-06-23,0.06150925
2018-06-24,0.0654734999999999
2018-06-25,0.1102764999999999
2018-06-26,0.1263565
2018-06-27,0.0927265
2018-06-28,0.10355075
2018-06-29,0.0785875
2018-06-30,0.0577875
2018-07-01,0.0580184999999999
2018-07-02,0.0950755
2018-07-03,0.1172109999999999
2018-07-04,0.1254877499999999
2018-07-05,0.1254532499999999
2018-07-06,0.0371385
2018-07-07,0.03722825
2018-07-08,0.06469475
2018-07-09,0.0952072499999999
2018-07-10,0.12657225
2018-07-11,0.1454819999999999
2018-07-12,0.14290125
2018-07-13,0.1408885
2018-07-14,0.09458625
2018-07-15,0.0770722499999999
2018-07-16,0.1345425
2018-07-17,0.1323825
2018-07-18,0.1299567499999999
2018-07-19,0.1273172499999999
2018-07-20,0.1286959999999999
2018-07-21,0.1126127499999999
2018-07-22,0.0693965
2018-07-23,0.1306405
2018-07-24,0.156531
2018-07-25,0.15498875
2018-07-26,0.1506559999999999
2018-07-27,0.1278777499999999
2018-07-28,0.06116025
2018-07-29,0.05319325
2018-07-30,0.063336
2018-07-31,0.1344239999999999
2018-08-01,0.07169325
2018-08-02,0.08447925
2018-08-03,0.0848957499999999
2018-08-04,0.05750875
2018-08-05,0.0860887499999999
2018-08-06,0.153472
2018-08-07,0.148588
2018-08-08,0.1451267499999999
2018-08-09,0.1305444999999999
2018-08-10,0.0793007499999999
2018-08-11,0.0539
2018-08-12,0.0623235
2018-08-13,0.12454075
2018-08-14,0.1305014999999999
2018-08-15,0.12420125
2018-08-16,0.1330832499999999
2018-08-17,0.145444
2018-08-18,0.08265275
2018-08-19,0.0314664999999999
2018-08-20,0.0664127499999999
2018-08-21,0.1771775
2018-08-22,0.08990525
2018-08-23,0.0787722499999999
2018-08-24,0.06378075
2018-08-25,0.07833675
2018-08-26,0.065107
2018-08-27,0.09230825
2018-08-28,0.0818297499999999
2018-08-29,0.08442925
2018-08-30,0.1429385
2018-08-31,0.1769359999999999
2018-09-01,0.10455725
2018-09-02,0.0680414999999999
2018-09-03,0.13996425
2018-09-04,0.14597825
2018-09-05,0.154224
2018-09-06,0.1590212499999999
2018-09-07,0.13862475
2018-09-08,0.06471475
2018-09-09,0.0638992499999999
2018-09-10,0.106566
2018-09-11,0.0863112499999999
2018-09-12,0.106475
2018-09-13,0.16316775
2018-09-14,0.1387869999999999
2018-09-15,0.069534
2018-09-16,0.0598602499999999
2018-09-17,0.1219472499999999
2018-09-18,0.075863
2018-09-19,0.089973
2018-09-20,0.0930745
2018-09-21,0.0630507499999999
2018-09-22,0.0559229999999999
2018-09-23,0.05943125
2018-09-24,0.0609252499999999
2018-09-25,0.0829097499999999
2018-09-26,0.08128775
2018-09-27,0.0856685
2018-09-28,0.09349725
2018-09-29,0.0849655
2018-09-30,0.07402425
2018-10-01,0.1109879999999999
2018-10-02,0.08163925
2018-10-03,0.0644509999999999
2018-10-04,0.1283852499999999
2018-10-05,0.1137832499999999
2018-10-06,0.0901155
2018-10-07,0.0801329999999999
2018-10-08,0.1464105
2018-10-09,0.1906245
2018-10-10,0.13986875
2018-10-11,0.10807225
2018-10-12,0.1162167499999999
2018-10-13,0.077368
2018-10-14,0.06634075
2018-10-15,0.15794825
2018-10-16,0.19644425
2018-10-17,0.20429525
2018-10-18,0.1942760000000001
2018-10-19,0.20495325
2018-10-20,0.13331725
2018-10-21,0.09679625
2018-10-22,0.13206775
2018-10-23,0.09181925
2018-10-24,0.120239
2018-10-25,0.11723275
2018-10-26,0.1320549999999999
2018-10-27,0.09601175
2018-10-28,0.07909275
2018-10-29,0.1200392499999999
2018-10-30,0.1006042499999999
2018-10-31,0.1208855
2018-11-01,0.1183279999999999
2018-11-02,0.1472259999999999
2018-11-03,0.13159225
2018-11-04,0.11225025
2018-11-05,0.1932885
2018-11-06,0.1979862499999999
2018-11-07,0.1779574999999999
2018-11-08,0.2100234999999999
2018-11-09,0.2013367499999999
2018-11-10,0.0997127499999999
2018-11-11,0.0896887499999999
2018-11-12,0.13930325
2018-11-13,0.13536125
2018-11-14,0.1873622499999999
2018-11-15,0.2018204999999999
2018-11-16,0.1447725
2018-11-17,0.08930575
2018-11-18,0.09849025
2018-11-19,0.1348694999999999
2018-11-20,0.131885
2018-11-21,0.1951875
2018-11-22,0.26489625
2018-11-23,0.27049375
2018-11-24,0.195976
2018-11-25,0.14769375
2018-11-26,0.23739875
2018-11-27,0.26403075
2018-11-28,0.17869425
2018-11-29,0.145081
2018-11-30,0.19101075
2018-12-01,0.13618475
2018-12-02,0.1054424999999999
2018-12-03,0.1365649999999999
2018-12-04,0.1713827499999999
2018-12-05,0.203887
2018-12-06,0.17099775
2018-12-07,0.1261357499999999
2018-12-08,0.0556244999999999
2018-12-09,0.05905
2018-12-10,0.1293239999999999
2018-12-11,0.202392
2018-12-12,0.2506054999999999
2018-12-13,0.2400405
2018-12-14,0.24952825
2018-12-15,0.18259725
2018-12-16,0.1532825
2018-12-17,0.2288617499999999
2018-12-18,0.2137657500000001
2018-12-19,0.19294375
2018-12-20,0.1761272500000001
2018-12-21,0.1183599999999999
2018-12-22,0.09707575
2018-12-23,0.08997925
2018-12-24,0.0939065
2018-12-25,0.08057325
2018-12-26,0.100392
2018-12-27,0.15513225
2018-12-28,0.16400425
2018-12-29,0.1228202499999999
2018-12-30,0.09942475
2018-12-31,0.09751225
2019-01-01,0.0685979999999999
2019-01-02,0.1085669999999999
2019-01-03,0.19793875
2019-01-04,0.1679199999999998
2019-01-05,0.1314585
2019-01-06,0.1559887499999999
2019-01-07,0.1912674999999999
2019-01-08,0.1262309999999999
2019-01-09,0.156652
2019-01-10,0.24590575
2019-01-11,0.215405
2019-01-12,0.1278265
2019-01-13,0.07995725
2019-01-14,0.1447755
2019-01-15,0.16341575
2019-01-16,0.176604
2019-01-17,0.1617492499999999
2019-01-18,0.22521775
2019-01-19,0.18088425
2019-01-20,0.185884
2019-01-21,0.2622530000000001
2019-01-22,0.25259325
2019-01-23,0.284159
2019-01-24,0.29841325
2019-01-25,0.270844
2019-01-26,0.14869425
2019-01-27,0.1118577499999999
2019-01-28,0.18770775
2019-01-29,0.239262
2019-01-30,0.229726
2019-01-31,0.24290475
2019-02-01,0.2351765000000001
2019-02-02,0.17994
2019-02-03,0.1692485
2019-02-04,0.1842575
2019-02-05,0.23783475
2019-02-06,0.23061925
2019-02-07,0.1582439999999999
2019-02-08,0.1350647499999999
2019-02-09,0.0724757499999999
2019-02-10,0.081409
2019-02-11,0.1224814999999999
2019-02-12,0.1917385
2019-02-13,0.19784625
2019-02-14,0.19550125
2019-02-15,0.1788452499999999
2019-02-16,0.1113737499999999
2019-02-17,0.1091772499999999
2019-02-18,0.1530357499999999
2019-02-19,0.1540862499999999
2019-02-20,0.1774592499999999
2019-02-21,0.17174475
2019-02-22,0.1759842499999999
2019-02-23,0.11221175
2019-02-24,0.11311675
2019-02-25,0.1682779999999999
2019-02-26,0.1777504999999999
2019-02-27,0.1649845
2019-02-28,0.1150227499999999
2019-03-01,0.1568565
2019-03-02,0.1191767499999999
2019-03-03,0.0678082499999999
2019-03-04,0.10681325
2019-03-05,0.1286662499999999
2019-03-06,0.11819975
2019-03-07,0.1098349999999999
2019-03-08,0.113452
2019-03-09,0.0867249999999999
2019-03-10,0.09369625
2019-03-11,0.11029575
2019-03-12,0.1076665
2019-03-13,0.0958822499999999
2019-03-14,0.0963634999999999
2019-03-15,0.1003269999999999
2019-03-16,0.07721025
2019-03-17,0.0613959999999999
2019-03-18,0.1119787499999999
2019-03-19,0.1827859999999999
2019-03-20,0.1725814999999999
2019-03-21,0.167576
2019-03-22,0.16740275
2019-03-23,0.1116899999999999
2019-03-24,0.09585675
2019-03-25,0.1025814999999999
2019-03-26,0.1216429999999999
2019-03-27,0.1623795
2019-03-28,0.1791314999999999
2019-03-29,0.1604339999999999
2019-03-30,0.09012175
2019-03-31,0.0711774999999999
2019-04-01,0.12811775
2019-04-02,0.11266175
2019-04-03,0.1710479999999999
2019-04-04,0.20126325
2019-04-05,0.1911887499999999
2019-04-06,0.1014889999999999
2019-04-07,0.088217
2019-04-08,0.1421909999999999
2019-04-09,0.1567855
2019-04-10,0.16652225
2019-04-11,0.16938725
2019-04-12,0.1824917499999999
2019-04-13,0.13314725
2019-04-14,0.10345725
2019-04-15,0.116938
2019-04-16,0.1424342499999999
2019-04-17,0.1563695
2019-04-18,0.1082687499999999
2019-04-19,0.0719279999999999
2019-04-20,0.0806107499999999
2019-04-21,0.0620705
2019-04-22,0.0493084999999999
2019-04-23,0.07927675
2019-04-24,0.0830705
2019-04-25,0.1094095
2019-04-26,0.1238792499999999
2019-04-27,0.07693775
2019-04-28,0.081134
2019-04-29,0.1283624999999999
2019-04-30,0.1294984999999999
2019-05-01,0.0744594999999999
2019-05-02,0.10448025
2019-05-03,0.13593925
2019-05-04,0.0894007499999999
2019-05-05,0.078342
2019-05-06,0.1173664999999999
2019-05-07,0.14062125
2019-05-08,0.12905375
2019-05-09,0.1324457499999999
2019-05-10,0.139654
2019-05-11,0.0991725
2019-05-12,0.06720775
2019-05-13,0.0995174999999999
2019-05-14,0.1071997499999999
2019-05-15,0.1152312499999999
2019-05-16,0.129681
2019-05-17,0.1235794999999999
2019-05-18,0.094443
2019-05-19,0.0740009999999999
2019-05-20,0.1336824999999999
2019-05-21,0.1170315
2019-05-22,0.11407525
2019-05-23,0.11922425
2019-05-24,0.11548475
2019-05-25,0.1034555
2019-05-26,0.06369025
2019-05-27,0.112
2019-05-28,0.1471585
2019-05-29,0.1389305
2019-05-30,0.05792325
2019-05-31,0.092551
2019-06-01,0.0719409999999999
2019-06-02,0.05098375
2019-06-03,0.1204284999999999
2019-06-04,0.13823225
2019-06-05,0.133374
2019-06-06,0.132536
2019-06-07,0.1185762499999999
2019-06-08,0.04390325
2019-06-09,0.0626429999999999
2019-06-10,0.0781602499999999
2019-06-11,0.1395414999999999
2019-06-12,0.16371875
2019-06-13,0.13976575
2019-06-14,0.15426325
2019-06-15,0.1031062499999999
2019-06-16,0.09660875
2019-06-17,0.153729
2019-06-18,0.1678697499999999
2019-06-19,0.17099575
2019-06-20,0.1620489999999999
2019-06-21,0.1646297499999999
2019-06-22,0.0975255
2019-06-23,0.0711572499999999
2019-06-24,0.13274425
2019-06-25,0.15478475
2019-06-26,0.1456427499999999
2019-06-27,0.1506334999999999
2019-06-28,0.16783075
2019-06-29,0.1260099999999999
2019-06-30,0.068233
2019-07-01,0.1482005
2019-07-02,0.1620035
2019-07-03,0.17059175
2019-07-04,0.1442727499999999
2019-07-05,0.1567297499999999
2019-07-06,0.0797847499999999
2019-07-07,0.0689694999999999
2019-07-08,0.14483825
2019-07-09,0.16432125
2019-07-10,0.1825995
2019-07-11,0.19916275
2019-07-12,0.1901895
2019-07-13,0.08802675
2019-07-14,0.0681894999999999
2019-07-15,0.16149
2019-07-16,0.1765105
2019-07-17,0.1765807499999999
2019-07-18,0.1927735
2019-07-19,0.20158175
2019-07-20,0.1230572499999999
2019-07-21,0.09130825
2019-07-22,0.1758652499999999
2019-07-23,0.18616525
2019-07-24,0.190499
2019-07-25,0.19791575
2019-07-26,0.1740667499999999
2019-07-27,0.12276125
2019-07-28,0.1042869999999999
2019-07-29,0.18467275
2019-07-30,0.1934670000000001
2019-07-31,0.1918895000000001
2019-08-01,0.19917725
2019-08-02,0.19986975
2019-08-03,0.14806625
2019-08-04,0.1137627499999999
2019-08-05,0.1788114999999999
2019-08-06,0.1969447499999999
2019-08-07,0.19819575
2019-08-08,0.155727
2019-08-09,0.1968889999999999
2019-08-10,0.06238925
2019-08-11,0.06825575
2019-08-12,0.1739939999999999
2019-08-13,0.1845575
2019-08-14,0.1776329999999999
2019-08-15,0.123425
2019-08-16,0.14593925
2019-08-17,0.07492625
2019-08-18,0.07041525
2019-08-19,0.147554
2019-08-20,0.185293
2019-08-21,0.17724175
2019-08-22,0.1579004999999999
2019-08-23,0.1553694999999999
2019-08-24,0.1000982499999999
2019-08-25,0.09641225
2019-08-26,0.16908425
2019-08-27,0.1992667499999999
2019-08-28,0.19692625
2019-08-29,0.19933025
2019-08-30,0.19129525
2019-08-31,0.11695275
2019-09-01,0.1118932499999999
2019-09-02,0.1738794999999999
2019-09-03,0.1845949999999999
2019-09-04,0.1860079999999999
2019-09-05,0.168534
2019-09-06,0.1787065
2019-09-07,0.144037
2019-09-08,0.1399099999999999
2019-09-09,0.1773219999999999
2019-09-10,0.15610475
2019-09-11,0.1480932499999999
2019-09-12,0.18089175
2019-09-13,0.18516
2019-09-14,0.1510892499999999
2019-09-15,0.0892415
2019-09-16,0.1911602499999999
2019-09-17,0.1503654999999999
2019-09-18,0.1730795
2019-09-19,0.2082765
2019-09-20,0.2132947499999999
2019-09-21,0.1492682499999999
2019-09-22,0.13154425
2019-09-23,0.19658125
2019-09-24,0.2163965000000001
2019-09-25,0.2124819999999999
2019-09-26,0.21426025
2019-09-27,0.18926775
2019-09-28,0.0720114999999999
2019-09-29,0.05457875
2019-09-30,0.11674425
2019-10-01,0.2076062499999999
2019-10-02,0.20845575
2019-10-03,0.1919385
2019-10-04,0.1969025
2019-10-05,0.1615929999999999
2019-10-06,0.1453252499999999
2019-10-07,0.2131755
2019-10-08,0.19691375
2019-10-09,0.184023
2019-10-10,0.1633329999999999
2019-10-11,0.1105125
2019-10-12,0.0970419999999999
2019-10-13,0.0874855
2019-10-14,0.1962945
2019-10-15,0.23208675
2019-10-16,0.22396
2019-10-17,0.23135425
2019-10-18,0.1975439999999999
2019-10-19,0.1758752499999999
2019-10-20,0.18848025
2019-10-21,0.23256025
2019-10-22,0.237575
2019-10-23,0.239842
2019-10-24,0.2184362499999999
2019-10-25,0.191229
2019-10-26,0.07846125
2019-10-27,0.096805
2019-10-28,0.21870075
2019-10-29,0.24537425
2019-10-30,0.2323530000000001
2019-10-31,0.2285605
2019-11-01,0.163438
2019-11-02,0.0903754999999999
2019-11-03,0.1111187499999999
2019-11-04,0.1926635
2019-11-05,0.2261755
2019-11-06,0.22328275
2019-11-07,0.2034585
2019-11-08,0.2088459999999999
2019-11-09,0.15515175
2019-11-10,0.1455964999999999
2019-11-11,0.1639874999999999
2019-11-12,0.1868715
2019-11-13,0.2179722499999999
2019-11-14,0.22364025
2019-11-15,0.16605775
2019-11-16,0.1524785
2019-11-17,0.1308645
2019-11-18,0.19364675
2019-11-19,0.2143215
2019-11-20,0.2503912500000001
2019-11-21,0.2490494999999999
2019-11-22,0.21121225
2019-11-23,0.1000174999999999
2019-11-24,0.1197452499999999
2019-11-25,0.228744
2019-11-26,0.21227225
2019-11-27,0.133564
2019-11-28,0.103361
2019-11-29,0.135267
2019-11-30,0.15477625
2019-12-01,0.1664812499999999
2019-12-02,0.22189575
2019-12-03,0.23962425
2019-12-04,0.22774525
2019-12-05,0.219294
2019-12-06,0.1275665
2019-12-07,0.09481575
2019-12-08,0.0663004999999999
2019-12-09,0.1273879999999999
2019-12-10,0.1866777499999999
2019-12-11,0.21571725
2019-12-12,0.22779925
2019-12-13,0.18312125
2019-12-14,0.09763275
2019-12-15,0.0781265
2019-12-16,0.19509825
2019-12-17,0.17832875
2019-12-18,0.19332675
2019-12-19,0.14634575
2019-12-20,0.11444825
2019-12-21,0.0981155
2019-12-22,0.09109725
2019-12-23,0.0980925
2019-12-24,0.0953615
2019-12-25,0.086897
2019-12-26,0.1036099999999999
2019-12-27,0.1427182499999999
2019-12-28,0.1553772499999998
2019-12-29,0.11731925
2019-12-30,0.11349925
2019-12-31,0.11666625
2020-01-01,0.1155965
2020-01-02,0.13278
2020-01-03,0.10946075
2020-01-04,0.10492175
2020-01-05,0.136995
2020-01-06,0.19651475
2020-01-07,0.21395425
2020-01-08,0.207562
2020-01-09,0.18284575
2020-01-10,0.17276575
2020-01-11,0.1640575
2020-01-12,0.1069255
2020-01-13,0.197875
2020-01-14,0.12539975
2020-01-15,0.113185
2020-01-16,0.1990985
2020-01-17,0.20038425
2020-01-18,0.15697325
2020-01-19,0.17438225
2020-01-20,0.2778265
2020-01-21,0.2940585
2020-01-22,0.2960395
2020-01-23,0.309873
2020-01-24,0.30109225
2020-01-25,0.23662325
2020-01-26,0.1785095
2020-01-27,0.20717325
2020-01-28,0.15633675
2020-01-29,0.172633
2020-01-30,0.14098425
2020-01-31,0.11344875
2020-02-01,0.0745895
2020-02-02,0.0885305
2020-02-03,0.13340125
2020-02-04,0.147934
2020-02-05,0.23182
2020-02-06,0.25872225
2020-02-07,0.25817825
2020-02-08,0.15894875
2020-02-09,0.0667955
2020-02-10,0.09918275
2020-02-11,0.09788375
2020-02-12,0.108752
2020-02-13,0.17728125
2020-02-14,0.221769
2020-02-15,0.0961595
2020-02-16,0.06540275
2020-02-17,0.10208475
2020-02-18,0.1053795
2020-02-19,0.15154775
2020-02-20,0.1620755
2020-02-21,0.11599375
2020-02-22,0.065882
2020-02-23,0.06663
2020-02-24,0.138176
2020-02-25,0.12297825
2020-02-26,0.1969845
2020-02-27,0.2428975
2020-02-28,0.19230325
2020-02-29,0.085809
2020-03-01,0.0787135
2020-03-02,0.19795775
2020-03-03,0.2431905
2020-03-04,0.250606
2020-03-05,0.21916625
2020-03-06,0.20418675
2020-03-07,0.16129575
2020-03-08,0.09195575
2020-03-09,0.2153795
2020-03-10,0.13389775
2020-03-11,0.133637
2020-03-12,0.102998
2020-03-13,0.12137025
2020-03-14,0.129176
2020-03-15,0.08642725
2020-03-16,0.173771
2020-03-17,0.179744
2020-03-18,0.11464275
2020-03-19,0.18616825
2020-03-20,0.139163
2020-03-21,0.0755245
2020-03-22,0.068471
2020-03-23,0.09755075
2020-03-24,0.103856
2020-03-25,0.1127705
2020-03-26,0.1090005
2020-03-27,0.102921
2020-03-28,0.085631
2020-03-29,0.05958275
2020-03-30,0.1501015
2020-03-31,0.17168225
2020-04-01,0.155047
2020-04-02,0.11959025
2020-04-03,0.1119135
2020-04-04,0.11932925
2020-04-05,0.07392475
2020-04-06,0.09816525
2020-04-07,0.1333785
2020-04-08,0.142919
2020-04-09,0.14602125
2020-04-10,0.1020295
2020-04-11,0.08248825
2020-04-12,0.06369575
2020-04-13,0.0526925
2020-04-14,0.10577725
2020-04-15,0.1095905
2020-04-16,0.145773
2020-04-17,0.1646005
2020-04-18,0.08600175
2020-04-19,0.060379
2020-04-20,0.06888375
2020-04-21,0.058574
2020-04-22,0.06545625
2020-04-23,0.160121
2020-04-24,0.1096905
2020-04-25,0.087831
2020-04-26,0.10554275
2020-04-27,0.1730295
2020-04-28,0.18291875
2020-04-29,0.17216675
2020-04-30,0.105711
2020-05-01,0.06406925
2020-05-02,0.06090725
2020-05-03,0.077812
2020-05-04,0.16180475
2020-05-05,0.15709525
2020-05-06,0.1505855
2020-05-07,0.18259075
2020-05-08,0.175285
2020-05-09,0.145121
2020-05-10,0.0692745
2020-05-11,0.086096
2020-05-12,0.15562725
2020-05-13,0.20423425
2020-05-14,0.18913
2020-05-15,0.14756275
2020-05-16,0.08974375
2020-05-17,0.068085
2020-05-18,0.124026
2020-05-19,0.17398325
2020-05-20,0.20917525
2020-05-21,0.12977675
2020-05-22,0.11630225
2020-05-23,0.0667695
2020-05-24,0.04620225
2020-05-25,0.13723325
2020-05-26,0.21598275
2020-05-27,0.19768
2020-05-28,0.1846025
2020-05-29,0.18212975
2020-05-30,0.07438475
2020-05-31,0.05789925
2020-06-01,0.06659075
2020-06-02,0.1713495
2020-06-03,0.1984565
2020-06-04,0.20114125
2020-06-05,0.16261225
2020-06-06,0.06379275
2020-06-07,0.08532925
2020-06-08,0.205375
2020-06-09,0.236951
2020-06-10,0.2404685
2020-06-11,0.188215
2020-06-12,0.14907225
2020-06-13,0.11104625
2020-06-14,0.11493225
2020-06-15,0.20719775
2020-06-16,0.2228255
2020-06-17,0.241607
2020-06-18,0.23861775
2020-06-19,0.23078425
2020-06-20,0.14463275
2020-06-21,0.105675
2020-06-22,0.1894295
2020-06-23,0.20982575
2020-06-24,0.22236725
2020-06-25,0.224623
2020-06-26,0.212389
2020-06-27,0.1658305
2020-06-28,0.100238
2020-06-29,0.18024025
2020-06-30,0.141095
2020-07-01,0.19746225
2020-07-02,0.2183345
2020-07-03,0.20975325
2020-07-04,0.06943925
2020-07-05,0.04885725
2020-07-06,0.09081575
2020-07-07,0.19899
2020-07-08,0.22334975
2020-07-09,0.21839925
2020-07-10,0.2131475
2020-07-11,0.19276475
2020-07-12,0.16452875
2020-07-13,0.2138135
2020-07-14,0.22487425
2020-07-15,0.22972725
2020-07-16,0.20695975
2020-07-17,0.2144525
2020-07-18,0.18842975
2020-07-19,0.174834
2020-07-20,0.204722
2020-07-21,0.2234
2020-07-22,0.22709825
2020-07-23,0.223938
2020-07-24,0.2158645
2020-07-25,0.1836465
2020-07-26,0.13192225
2020-07-27,0.21410525
2020-07-28,0.16788475
2020-07-29,0.1628405
2020-07-30,0.2257155
2020-07-31,0.2082385
2020-08-01,0.170646
2020-08-02,0.1800955
2020-08-03,0.23208225
2020-08-04,0.23690425
2020-08-05,0.206957
2020-08-06,0.215189
2020-08-07,0.21427925
2020-08-08,0.18135675
2020-08-09,0.141632
2020-08-10,0.184382
2020-08-11,0.1900765
2020-08-12,0.17519525
2020-08-13,0.1794335
2020-08-14,0.18999625
2020-08-15,0.16918
2020-08-16,0.1385935
2020-08-17,0.18475675
2020-08-18,0.1914435
2020-08-19,0.18990775
2020-08-20,0.17572625
2020-08-21,0.1489045
2020-08-22,0.08509325
2020-08-23,0.07204325
2020-08-24,0.169308
2020-08-25,0.16678925
2020-08-26,0.053212
2020-08-27,0.14784275
2020-08-28,0.15901175
2020-08-29,0.1303895
2020-08-30,0.13630225
2020-08-31,0.17276975
2020-09-01,0.19191275
2020-09-02,0.187159
2020-09-03,0.17427275
2020-09-04,0.1635385
2020-09-05,0.0754535
2020-09-06,0.08627
2020-09-07,0.15483125
2020-09-08,0.1437725
2020-09-09,0.16327975
2020-09-10,0.1878705
2020-09-11,0.18601975
2020-09-12,0.10725175
2020-09-13,0.09946925
2020-09-14,0.17153375
2020-09-15,0.183019
2020-09-16,0.17119575
2020-09-17,0.15764975
2020-09-18,0.1552565
2020-09-19,0.1457115
2020-09-20,0.1361835
2020-09-21,0.19095
2020-09-22,0.210279
2020-09-23,0.202826
2020-09-24,0.1577725
2020-09-25,0.171326
2020-09-26,0.10915575
2020-09-27,0.103285
2020-09-28,0.172678
2020-09-29,0.201082
2020-09-30,0.18916625
2020-10-01,0.19529825
2020-10-02,0.15611725
2020-10-03,0.08370325
2020-10-04,0.077109
2020-10-05,0.17165225
2020-10-06,0.141023
2020-10-07,0.15644275
2020-10-08,0.11512125
2020-10-09,0.19459425
2020-10-10,0.09610075
2020-10-11,0.09463975
2020-10-12,0.2122155
2020-10-13,0.2164095
2020-10-14,0.13884425
2020-10-15,0.20613475
2020-10-16,0.242745
2020-10-17,0.20202225
2020-10-18,0.0983885
2020-10-19,0.22232575
2020-10-20,0.12724975
2020-10-21,0.10999025
2020-10-22,0.12572
2020-10-23,0.18842075
2020-10-24,0.07199325
2020-10-25,0.06362625
2020-10-26,0.14904675
2020-10-27,0.11850325
2020-10-28,0.106
2020-10-29,0.11718625
2020-10-30,0.103646
2020-10-31,0.0897675
2020-11-01,0.0633805
2020-11-02,0.085119
2020-11-03,0.164927
2020-11-04,0.20769575
2020-11-05,0.214366
2020-11-06,0.2148055
2020-11-07,0.14913225
2020-11-08,0.125648
2020-11-09,0.24603975
2020-11-10,0.2790715
2020-11-11,0.27765825
2020-11-12,0.20172775
2020-11-13,0.219214
2020-11-14,0.13326725
2020-11-15,0.0807635
2020-11-16,0.13111625
2020-11-17,0.16883425
2020-11-18,0.14572425
2020-11-19,0.1091485
2020-11-20,0.22702625
2020-11-21,0.12142525
2020-11-22,0.12256925
2020-11-23,0.2557525
2020-11-24,0.26314875
2020-11-25,0.28908075
2020-11-26,0.32018225
2020-11-27,0.3135265
2020-11-28,0.2717875
2020-11-29,0.25335825
2020-11-30,0.28465825
2020-12-01,0.29174675
2020-12-02,0.3101575
2020-12-03,0.280817
2020-12-04,0.24304625
2020-12-05,0.2605055
2020-12-06,0.24998025
2020-12-07,0.276176
2020-12-08,0.29313525
2020-12-09,0.31588375
2020-12-10,0.312652
2020-12-11,0.2771585
2020-12-12,0.226413
2020-12-13,0.20419925
2020-12-14,0.19437025
2020-12-15,0.24089825
2020-12-16,0.2353385
2020-12-17,0.1843575
2020-12-18,0.172099
2020-12-19,0.1203425
2020-12-20,0.13669975
2020-12-21,0.1502385
2020-12-22,0.127789
2020-12-23,0.16244575
2020-12-24,0.09302
2020-12-25,0.10848825
2020-12-26,0.08551925
2020-12-27,0.0704185
2020-12-28,0.1461475
2020-12-29,0.16237025
2020-12-30,0.1543885
2020-12-31,0.15098375
2021-01-01,0.1633225
2021-01-02,0.178436
2021-01-03,0.11830475
2021-01-04,0.214718
2021-01-05,0.23454575
2021-01-06,0.24258875
2021-01-07,0.26541075
2021-01-08,0.285307
2021-01-09,0.2449915
2021-01-10,0.19917925
2021-01-11,0.18125325
2021-01-12,0.1777555
2021-01-13,0.147771
2021-01-14,0.23887925
2021-01-15,0.27871125
2021-01-16,0.250084
2021-01-17,0.2205895
2021-01-18,0.22543575
2021-01-19,0.1386525
2021-01-20,0.12172825
2021-01-21,0.10801925
2021-01-22,0.18365625
2021-01-23,0.166723
2021-01-24,0.16612875
2021-01-25,0.2589445
2021-01-26,0.23868575
2021-01-27,0.2371725
2021-01-28,0.2309915
2021-01-29,0.157111
2021-01-30,0.16349625
2021-01-31,0.13562925
2021-02-01,0.23049675
2021-02-02,0.24278225
2021-02-03,0.17403475
2021-02-04,0.20931275
2021-02-05,0.20944075
2021-02-06,0.123507
2021-02-07,0.11808175
2021-02-08,0.21385375
2021-02-09,0.26192975
2021-02-10,0.2756005
2021-02-11,0.2863235
2021-02-12,0.28425675
2021-02-13,0.24960275
2021-02-14,0.18183625
2021-02-15,0.226575
2021-02-16,0.229811
2021-02-17,0.1850125
2021-02-18,0.1771935
2021-02-19,0.184965
2021-02-20,0.1063465
2021-02-21,0.10825125
2021-02-22,0.2047065
2021-02-23,0.17481
2021-02-24,0.1246535
2021-02-25,0.16100425
2021-02-26,0.19406275
2021-02-27,0.166838
2021-02-28,0.1331655
2021-03-01,0.22705725
2021-03-02,0.25915025
2021-03-03,0.25249825
2021-03-04,0.2406985
2021-03-05,0.245658
2021-03-06,0.160027
2021-03-07,0.15169275
2021-03-08,0.246642
2021-03-09,0.272516
2021-03-10,0.21319225
2021-03-11,0.1033525
2021-03-12,0.09695525
2021-03-13,0.07949725
2021-03-14,0.0814785
2021-03-15,0.123477
2021-03-16,0.19439325
2021-03-17,0.23450775
2021-03-18,0.26723425
2021-03-19,0.21005925
2021-03-20,0.18020175
2021-03-21,0.1352075
2021-03-22,0.25132425
2021-03-23,0.2827695
2021-03-24,0.240155
2021-03-25,0.24105875
2021-03-26,0.139141
2021-03-27,0.09282425
2021-03-28,0.0846665
2021-03-29,0.11942125
2021-03-30,0.1713805
2021-03-31,0.2098165
2021-04-01,0.16437025
2021-04-02,0.09050075
2021-04-03,0.087147
2021-04-04,0.08177625
2021-04-05,0.075497
2021-04-06,0.13157425
2021-04-07,0.14113625
2021-04-08,0.170697
2021-04-09,0.15223775
2021-04-10,0.19407125
2021-04-11,0.09478925
2021-04-12,0.2325825
2021-04-13,0.22118025
2021-04-14,0.2485405
2021-04-15,0.263912
2021-04-16,0.2460805
2021-04-17,0.194295
2021-04-18,0.20601725
2021-04-19,0.248105
2021-04-20,0.248912
2021-04-21,0.1651815
2021-04-22,0.127762
2021-04-23,0.15030175
2021-04-24,0.1117755
2021-04-25,0.0969825
2021-04-26,0.16847475
2021-04-27,0.16420675
2021-04-28,0.1616055
2021-04-29,0.162917
2021-04-30,0.20406225
2021-05-01,0.1115085
2021-05-02,0.0966435
2021-05-03,0.1311815
2021-05-04,0.0877575
2021-05-05,0.0881675
2021-05-06,0.17479675
2021-05-07,0.15261175
2021-05-08,0.091003
2021-05-09,0.05852775
2021-05-10,0.1063855
2021-05-11,0.141086
2021-05-12,0.1411415
2021-05-13,0.0803625
2021-05-14,0.09158025
2021-05-15,0.08154475
2021-05-16,0.0684875
2021-05-17,0.11033025
2021-05-18,0.111611
2021-05-19,0.12630525
2021-05-20,0.122362
2021-05-21,0.07642675
2021-05-22,0.0516515
2021-05-23,0.05083725
2021-05-24,0.0573945
2021-05-25,0.07901125
2021-05-26,0.09168675
2021-05-27,0.1200995
2021-05-28,0.145236
2021-05-29,0.09038
2021-05-30,0.07939175
2021-05-31,0.12502325
2021-06-01,0.12664525
2021-06-02,0.099219
2021-06-03,0.092765
2021-06-04,0.1356735
2021-06-05,0.0926885
2021-06-06,0.0800995
2021-06-07,0.18586775
2021-06-08,0.206596
2021-06-09,0.19568475
2021-06-10,0.1967155
2021-06-11,0.16257
2021-06-12,0.07712875
2021-06-13,0.06321925
2021-06-14,0.11412825
2021-06-15,0.17104625
2021-06-16,0.1962955
2021-06-17,0.1676625
2021-06-18,0.1724585
2021-06-19,0.107869
2021-06-20,0.0732055
2021-06-21,0.13231325
2021-06-22,0.18547025
2021-06-23,0.196523
2021-06-24,0.2120095
2021-06-25,0.18974975
2021-06-26,0.10553875
2021-06-27,0.078685
2021-06-28,0.16484825
2021-06-29,0.1821875
2021-06-30,0.17631
2021-07-01,0.166699
2021-07-02,0.1813885
2021-07-03,0.098396
2021-07-04,0.09109475
2021-07-05,0.14770425
2021-07-06,0.08943725
2021-07-07,0.14051725
2021-07-08,0.1755165
2021-07-09,0.157634
2021-07-10,0.07214225
2021-07-11,0.07279925
2021-07-12,0.1331665
2021-07-13,0.1566275
2021-07-14,0.14442575
2021-07-15,0.16128625
2021-07-16,0.12480825
2021-07-17,0.0575605
2021-07-18,0.0536355
2021-07-19,0.1110205
2021-07-20,0.136637
2021-07-21,0.14426
2021-07-22,0.15712875
2021-07-23,0.1500215
2021-07-24,0.06617175
2021-07-25,0.06399225
2021-07-26,0.1313285
2021-07-27,0.12025375
2021-07-28,0.079907
2021-07-29,0.05582225
2021-07-30,0.06565125
2021-07-31,0.0509185
2021-08-01,0.05249675
2021-08-02,0.0630375
2021-08-03,0.09175625
2021-08-04,0.112339
2021-08-05,0.0930935
2021-08-06,0.06522
2021-08-07,0.06045325
2021-08-08,0.0519895
2021-08-09,0.06366725
2021-08-10,0.07827925
2021-08-11,0.0915835
2021-08-12,0.108934
2021-08-13,0.071069
2021-08-14,0.0536915
2021-08-15,0.0604195
2021-08-16,0.06541975
2021-08-17,0.06253075
2021-08-18,0.07287425
2021-08-19,0.08807
2021-08-20,0.083449
2021-08-21,0.06784825
2021-08-22,0.057771
2021-08-23,0.0831725
2021-08-24,0.08039675
2021-08-25,0.06559625
2021-08-26,0.08035275
2021-08-27,0.086491
2021-08-28,0.0602955
2021-08-29,0.0595825
2021-08-30,0.08739725
2021-08-31,0.1081985
2021-09-01,0.1272845
2021-09-02,0.12590125
2021-09-03,0.09613925
2021-09-04,0.063757
2021-09-05,0.06139725
2021-09-06,0.1244155
2021-09-07,0.14008075
2021-09-08,0.13664675
2021-09-09,0.1485975
2021-09-10,0.15164325
2021-09-11,0.080663
2021-09-12,0.0726475
2021-09-13,0.12404925
2021-09-14,0.137721
2021-09-15,0.146744
2021-09-16,0.15245525
2021-09-17,0.1355065
2021-09-18,0.068184
2021-09-19,0.061131
2021-09-20,0.139128
2021-09-21,0.116299
2021-09-22,0.108285
2021-09-23,0.06625825
2021-09-24,0.0828005
2021-09-25,0.08668075
2021-09-26,0.0686165
2021-09-27,0.10891925
2021-09-28,0.12504925
2021-09-29,0.07560275
2021-09-30,0.07962075
2021-10-01,0.08413675
2021-10-02,0.06479625
2021-10-03,0.067295
2021-10-04,0.1104895
2021-10-05,0.08508825
2021-10-06,0.096209
2021-10-07,0.17434725
2021-10-08,0.14386275
2021-10-09,0.07204575
2021-10-10,0.0700265
2021-10-11,0.103748
2021-10-12,0.1251095
2021-10-13,0.15245725
2021-10-14,0.12175375
2021-10-15,0.09852625
2021-10-16,0.089945
2021-10-17,0.07694025
2021-10-18,0.12190775
2021-10-19,0.1101
2021-10-20,0.07796275
2021-10-21,0.080714
2021-10-22,0.081614
2021-10-23,0.1058555
2021-10-24,0.056324
2021-10-25,0.14956525
2021-10-26,0.13684125
2021-10-27,0.11098475
2021-10-28,0.10066625
2021-10-29,0.085055
2021-10-30,0.07245225
2021-10-31,0.0545385
2021-11-01,0.07771
2021-11-02,0.180446
2021-11-03,0.2229725
2021-11-04,0.17851375
2021-11-05,0.149028
2021-11-06,0.083041
2021-11-07,0.0707125
2021-11-08,0.19029875
2021-11-09,0.19669
2021-11-10,0.2169025
2021-11-11,0.24596875
2021-11-12,0.2117175
2021-11-13,0.1575205
2021-11-14,0.13049825
2021-11-15,0.2310185
2021-11-16,0.25263775
2021-11-17,0.1693295
2021-11-18,0.1012325
2021-11-19,0.10598375
2021-11-20,0.090782
2021-11-21,0.1116205
2021-11-22,0.2111355
2021-11-23,0.2313575
2021-11-24,0.267225
2021-11-25,0.244312
2021-11-26,0.17992925
2021-11-27,0.18124175
2021-11-28,0.15187875
2021-11-29,0.21727075
2021-11-30,0.11847375
2021-12-01,0.099159
2021-12-02,0.18904225
2021-12-03,0.1297975
2021-12-04,0.16030825
2021-12-05,0.1511325
2021-12-06,0.226028
2021-12-07,0.20406775
2021-12-08,0.1713875
2021-12-09,0.2413935
2021-12-10,0.2312445
2021-12-11,0.20650475
2021-12-12,0.1115515
2021-12-13,0.211324
2021-12-14,0.22198425
2021-12-15,0.217952
2021-12-16,0.24066125
2021-12-17,0.24036
2021-12-18,0.178253
2021-12-19,0.10811175
2021-12-20,0.227259
2021-12-21,0.26693425
2021-12-22,0.24566225
2021-12-23,0.13875825
2021-12-24,0.09098825
2021-12-25,0.0972535
2021-12-26,0.099696
2021-12-27,0.1048175
2021-12-28,0.0885815
2021-12-29,0.09335
2021-12-30,0.07725425
2021-12-31,0.066953
2022-01-01,0.0660975
2022-01-02,0.063712
2022-01-03,0.0927175
2022-01-04,0.15683275
2022-01-05,0.0999375
2022-01-06,0.16130375
2022-01-07,0.126999
2022-01-08,0.1067655
2022-01-09,0.11034625
2022-01-10,0.25902075
2022-01-11,0.269676
2022-01-12,0.273753
2022-01-13,0.21791275
2022-01-14,0.232688
2022-01-15,0.22975925
2022-01-16,0.1169815
2022-01-17,0.15051175
2022-01-18,0.260517
2022-01-19,0.183193
2022-01-20,0.14121075
2022-01-21,0.18907725
2022-01-22,0.211562
2022-01-23,0.2154035
2022-01-24,0.269948
2022-01-25,0.303309
2022-01-26,0.25285575
2022-01-27,0.1346735
2022-01-28,0.16337125
2022-01-29,0.1020545
2022-01-30,0.0942385
2022-01-31,0.17939075
2022-02-01,0.151722
2022-02-02,0.16291125
2022-02-03,0.22359425
2022-02-04,0.14501175
2022-02-05,0.095874
2022-02-06,0.07737075
2022-02-07,0.12161875
2022-02-08,0.1325405
2022-02-09,0.1566865
2022-02-10,0.21348625
2022-02-11,0.174921
2022-02-12,0.1322615
2022-02-13,0.10056725
2022-02-14,0.135222
2022-02-15,0.150721
2022-02-16,0.1223555
2022-02-17,0.10256625
2022-02-18,0.1198805
2022-02-19,0.0972465
2022-02-20,0.079267
2022-02-21,0.09906125
2022-02-22,0.124222
2022-02-23,0.141277
2022-02-24,0.1227475
2022-02-25,0.1097545
2022-02-26,0.1290805
2022-02-27,0.08567275
2022-02-28,0.14454125
2022-03-01,0.2027065
2022-03-02,0.23408325
2022-03-03,0.198462
2022-03-04,0.1892835
2022-03-05,0.134342
2022-03-06,0.11906375
2022-03-07,0.202963
2022-03-08,0.16565025
2022-03-09,0.15209075
2022-03-10,0.12264475
2022-03-11,0.090478
2022-03-12,0.0837315
2022-03-13,0.07899225
2022-03-14,0.1938475
2022-03-15,0.2465785
2022-03-16,0.17678725
2022-03-17,0.1838845
2022-03-18,0.16727275
2022-03-19,0.08754975
2022-03-20,0.08239825
2022-03-21,0.15677275
2022-03-22,0.1988425
2022-03-23,0.20553275
2022-03-24,0.20886825
2022-03-25,0.15944375
2022-03-26,0.106888
2022-03-27,0.109216
2022-03-28,0.16400225
2022-03-29,0.20402075
2022-03-30,0.23983825
2022-03-31,0.16331875
2022-04-01,0.1289815
2022-04-02,0.12422925
2022-04-03,0.10147325
2022-04-04,0.1017355
2022-04-05,0.1105335
2022-04-06,0.080473
2022-04-07,0.10021925
2022-04-08,0.11984425
2022-04-09,0.089657
2022-04-10,0.086761
2022-04-11,0.1312375
2022-04-12,0.1089125
2022-04-13,0.15064175
2022-04-14,0.145062
2022-04-15,0.0950735
2022-04-16,0.0816925
2022-04-17,0.0743115
2022-04-18,0.07890325
2022-04-19,0.1303445
2022-04-20,0.11391125
2022-04-21,0.10901275
2022-04-22,0.08857625
2022-04-23,0.06338525
2022-04-24,0.06067625
2022-04-25,0.16087025
2022-04-26,0.20340475
2022-04-27,0.18832575
2022-04-28,0.1365105
2022-04-29,0.1419985
2022-04-30,0.085225
2022-04-30,0.09154
2022-05-01,0.1270385
2022-05-02,0.17168675
2022-05-03,0.18632775
2022-05-04,0.1780227499999999
2022-05-05,0.16409875
2022-05-06,0.086005
2022-05-07,0.0749679999999999
2022-05-08,0.15850775
2022-05-09,0.1167407499999999
2022-05-10,0.13425225
2022-05-11,0.1150472499999999
2022-05-12,0.13054625
2022-05-13,0.098621
2022-05-14,0.07844075
2022-05-15,0.1525737499999999
2022-05-16,0.2130935
2022-05-17,0.1665829999999999
2022-05-18,0.167256
2022-05-19,0.15806075
2022-05-20,0.076552
2022-05-21,0.09862875
2022-05-22,0.14727325
2022-05-23,0.1480614999999999
2022-05-24,0.1265244999999999
2022-05-25,0.067923
2022-05-26,0.0721344999999999
2022-05-27,0.0637259999999999
2022-05-28,0.077443
2022-05-29,0.21022475
2022-05-30,0.2155399999999999
2022-05-31,0.20034575
2022-06-01,0.1718087499999999
2022-06-02,0.17470075
2022-06-03,0.08494775
2022-06-04,0.0724897499999999
2022-06-05,0.0713657499999999
2022-06-06,0.13314025
2022-06-07,0.1977455
2022-06-08,0.157212
2022-06-09,0.1125284999999999
2022-06-10,0.0729249999999999
2022-06-11,0.07551925
2022-06-12,0.1218139999999999
2022-06-13,0.1830139999999999
2022-06-14,0.19086525
2022-06-15,0.0931874999999999
2022-06-16,0.080487
2022-06-17,0.0593109999999999
2022-06-18,0.0673825
2022-06-19,0.17124275
2022-06-20,0.165737
2022-06-21,0.2220895
2022-06-22,0.216053
2022-06-23,0.1709699999999999
2022-06-24,0.0835154999999999
2022-06-25,0.093357
2022-06-26,0.2155652499999999
2022-06-27,0.20590275
2022-06-28,0.2144925
2022-06-29,0.2087669999999999
2022-06-30,0.1494055
2022-07-01,0.075124
2022-07-02,0.0702145
2022-07-03,0.1013525
2022-07-04,0.1201459999999999
2022-07-05,0.0836057499999999
2022-07-06,0.080899
2022-07-07,0.07369875
2022-07-08,0.0661954999999999
2022-07-09,0.058074
2022-07-10,0.17313625
2022-07-11,0.1836364999999999
2022-07-12,0.1589485
2022-07-13,0.13358975
2022-07-14,0.11279
2022-07-15,0.059856
2022-07-16,0.08152675
2022-07-17,0.1809974999999999
2022-07-18,0.22161275
2022-07-19,0.13809825
2022-07-20,0.2447697499999999
2022-07-21,0.238922
2022-07-22,0.1559617499999999
2022-07-23,0.1150434999999999
2022-07-24,0.0957215
2022-07-25,0.16528025
2022-07-26,0.2017395
2022-07-27,0.17894
2022-07-28,0.16424175
2022-07-29,0.082206
2022-07-30,0.07084875
2022-07-31,0.13783025
2022-08-01,0.1025005
2022-08-02,0.127832
2022-08-03,0.145802
2022-08-04,0.1018767499999999
2022-08-05,0.0545084999999999
2022-08-06,0.05588775
2022-08-07,0.07283075
2022-08-08,0.08474025
2022-08-09,0.0780085
2022-08-10,0.09862775
2022-08-11,0.1058109999999999
2022-08-12,0.07461725
2022-08-13,0.0588445
2022-08-15,0.2397715
2022-08-16,0.28174275
2022-08-17,0.27410175
2022-08-18,0.24147875
2022-08-19,0.0905857499999999
2022-08-20,0.099007
2022-08-21,0.2081655
2022-08-22,0.18996575
2022-08-23,0.199158
2022-08-24,0.1843439999999999
2022-08-25,0.2152069999999999
2022-08-26,0.14747125
2022-08-27,0.06649875
2022-08-28,0.1625127499999999
2022-08-29,0.19074
2022-08-30,0.19650625
2022-08-31,0.17901925
2022-09-01,0.117795
2022-09-02,0.0562169999999999
2022-09-03,0.0646205
2022-09-04,0.0866135
2022-09-05,0.10537075
2022-09-06,0.15651325
2022-09-07,0.11308625
2022-09-08,0.08738225
2022-09-09,0.08454375
2022-09-10,0.09518625
2022-09-11,0.15882
2022-09-12,0.163654
2022-09-13,0.2037805
2022-09-14,0.10909975
2022-09-15,0.07948875
2022-09-16,0.0498677499999999
2022-09-17,0.0485009999999999
2022-09-18,0.08194125
2022-09-19,0.1829434999999999
2022-09-20,0.18464475
2022-09-21,0.14712
2022-09-22,0.1593902499999999
2022-09-23,0.07294325
2022-09-24,0.07108575
2022-09-25,0.0731552499999999
2022-09-26,0.12265675
2022-09-27,0.1593922499999999
2022-09-28,0.15586175
2022-09-29,0.100534
2022-09-30,0.0499625
2022-10-01,0.0454687499999999
2022-10-02,0.0693345
2022-10-03,0.0691845
2022-10-04,0.08249075
2022-10-05,0.0850457499999999
2022-10-06,0.07375625
2022-10-07,0.07330225
2022-10-08,0.0773065
2022-10-09,0.1023247499999999
2022-10-10,0.19433175
2022-10-11,0.22909725
2022-10-12,0.224047
2022-10-13,0.216556
2022-10-14,0.09680775
2022-10-15,0.098314
2022-10-16,0.16093675
2022-10-17,0.2434579999999999
2022-10-18,0.2450675
2022-10-19,0.11706375
2022-10-20,0.22290225
2022-10-21,0.1666865
2022-10-22,0.12762225
2022-10-23,0.13544775
2022-10-24,0.2056687499999999
2022-10-25,0.2136374999999999
2022-10-26,0.1343085
2022-10-27,0.1187675
2022-10-28,0.1311652499999999
2022-10-29,0.1078259999999999
2022-10-30,0.1840399999999999
2022-10-31,0.07075175
2022-11-01,0.1088707499999999
2022-11-01,0.07075175
2022-11-02,0.1088707499999999
2022-11-02,0.11184925
2022-11-03,0.1573355
2022-11-03,0.11184925
2022-11-04,0.10978575
2022-11-04,0.1573355
2022-11-05,0.10978575
2022-11-05,0.0784707499999999
2022-11-06,0.1070305
2022-11-06,0.0784707499999999
2022-11-07,0.1129584999999999
2022-11-07,0.1070305
2022-11-08,0.1084175
2022-11-08,0.1129584999999999
2022-11-09,0.104555
2022-11-09,0.1084175
2022-11-10,0.1032645
2022-11-10,0.104555
2022-11-11,0.0795314999999999
2022-11-11,0.1032645
2022-11-12,0.0795314999999999
2022-11-12,0.075627
2022-11-13,0.15377325
2022-11-13,0.075627
2022-11-14,0.11285175
2022-11-14,0.15377325
2022-11-15,0.144296
2022-11-15,0.11285175
2022-11-16,0.1184892499999999
2022-11-16,0.144296
2022-11-17,0.14264425
2022-11-17,0.1184892499999999
2022-11-18,0.10141675
2022-11-18,0.14264425
2022-11-19,0.10141675
2022-11-19,0.08196425
2022-11-20,0.1812147499999999
2022-11-20,0.08196425
2022-11-21,0.1812147499999999
2022-11-21,0.14831025
2022-11-22,0.14831025
2022-11-22,0.1444804999999999
2022-11-23,0.1444804999999999
2022-11-23,0.07933625
2022-11-24,0.1644769999999999
2022-11-24,0.1644769999999999
2022-11-25,0.1819464999999999
2022-11-25,0.1819464999999999
2022-11-26,0.11089525
2022-11-26,0.11089525
2022-11-27,0.10976925
2022-11-27,0.10976925
2022-11-28,0.239084
2022-11-28,0.239084
2022-11-29,0.3306865
2022-11-29,0.3306865
2022-11-30,0.3565715
2022-11-30,0.3565715
2022-12-01,0.3482059999999999
2022-12-01,0.3482059999999999
2022-12-02,0.30168775
2022-12-02,0.30168775
2022-12-03,0.25738325
2022-12-03,0.25738325
2022-12-04,0.24889675
2022-12-04,0.24889675
2022-12-05,0.30520925
2022-12-05,0.30520925
2022-12-06,0.34460175
2022-12-06,0.34460175
2022-12-07,0.31490225
2022-12-07,0.31490225
2022-12-08,0.332873
2022-12-08,0.332873
2022-12-09,0.3602857499999999
2022-12-09,0.3602857499999999
2022-12-10,0.30744425
2022-12-10,0.30744425
2022-12-11,0.2877135
2022-12-11,0.2877135
2022-12-12,0.37345625
2022-12-12,0.37345625
2022-12-13,0.4111344999999999
2022-12-13,0.4111344999999999
2022-12-14,0.3949987499999999
2022-12-14,0.3949987499999999
2022-12-15,0.3980795
2022-12-15,0.3980795
2022-12-16,0.395871
2022-12-16,0.395871
2022-12-17,0.28423325
2022-12-17,0.28423325
2022-12-18,0.172318
2022-12-18,0.172318
2022-12-19,0.227186
2022-12-19,0.227186
2022-12-20,0.2160834999999999
2022-12-20,0.2160834999999999
2022-12-21,0.1716734999999999
2022-12-21,0.1716734999999999
2022-12-22,0.1184582499999999
2022-12-22,0.1184582499999999
2022-12-23,0.1469832499999999
2022-12-23,0.1469832499999999
2022-12-24,0.0802954999999999
2022-12-24,0.0802954999999999
2022-12-25,0.06740325
2022-12-25,0.06740325
2022-12-26,0.05896825
2022-12-26,0.05896825
2022-12-27,0.06807025
2022-12-27,0.06807025
2022-12-28,0.0643615
2022-12-28,0.0643615
2022-12-29,0.0605029999999999
2022-12-29,0.0605029999999999
2022-12-30,0.05680925
2022-12-30,0.05680925
2022-12-31,0.05321775
2022-12-31,0.05321775
2023-01-01,0.05498525
2023-01-01,0.05498525
2023-01-02,0.0715965
2023-01-02,0.0715965
2023-01-03,0.09931825
2023-01-03,0.09931825
2023-01-04,0.071791
2023-01-04,0.071791
2023-01-05,0.10377325
2023-01-05,0.10377325
2023-01-06,0.13901875
2023-01-06,0.13901875
2023-01-07,0.0929562499999999
2023-01-07,0.0929562499999999
2023-01-08,0.0664445
2023-01-08,0.0664445
2023-01-09,0.10448575
2023-01-09,0.10448575
2023-01-10,0.1066537499999999
2023-01-10,0.1066537499999999
2023-01-11,0.1000475
2023-01-11,0.1000475
2023-01-12,0.085487
2023-01-12,0.085487
2023-01-13,0.10438525
2023-01-13,0.10438525
2023-01-14,0.0778425
2023-01-14,0.0778425
2023-01-15,0.07137375
2023-01-15,0.07137375
2023-01-16,0.1310975
2023-01-16,0.1310975
2023-01-17,0.188803
2023-01-17,0.188803
2023-01-18,0.2367375
2023-01-18,0.2367375
2023-01-19,0.2348229999999999
2023-01-19,0.2348229999999999
2023-01-20,0.269469
2023-01-20,0.269469
2023-01-21,0.173837
2023-01-21,0.173837
2023-01-22,0.18458575
2023-01-22,0.18458575
2023-01-23,0.30151875
2023-01-23,0.30151875
2023-01-24,0.30072575
2023-01-24,0.30072575
2023-01-25,0.33764325
2023-01-25,0.33764325
2023-01-26,0.30969025
2023-01-26,0.30969025
2023-01-27,0.2839447499999999
2023-01-27,0.2839447499999999
2023-01-28,0.25063475
2023-01-28,0.25063475
2023-01-29,0.196994
2023-01-29,0.196994
2023-01-30,0.1807514999999999
2023-01-30,0.1807514999999999
2023-01-31,0.20241075
2023-01-31,0.20241075
2023-02-01,0.16658625
2023-02-01,0.16658625
2023-02-02,0.1801242499999999
2023-02-02,0.1801242499999999
2023-02-03,0.14242975
2023-02-03,0.14242975
2023-02-04,0.15388525
2023-02-04,0.15388525
2023-02-05,0.1259202499999999
2023-02-05,0.1259202499999999
2023-02-06,0.26289275
2023-02-06,0.26289275
2023-02-07,0.27686475
2023-02-07,0.27686475
2023-02-08,0.2402359999999999
2023-02-08,0.2402359999999999
2023-02-09,0.23708975
2023-02-09,0.23708975
2023-02-10,0.2170855
2023-02-10,0.2170855
2023-02-11,0.14078775
2023-02-11,0.14078775
2023-02-12,0.1627585
2023-02-12,0.1627585
2023-02-13,0.2650579999999999
2023-02-13,0.2650579999999999
2023-02-14,0.27430375
2023-02-14,0.27430375
2023-02-15,0.220188
2023-02-15,0.220188
2023-02-16,0.1620434999999999
2023-02-16,0.1620434999999999
2023-02-17,0.1026089999999999
2023-02-17,0.1026089999999999
2023-02-18,0.08734325
2023-02-18,0.08734325
2023-02-19,0.1053979999999999
2023-02-19,0.1053979999999999
2023-02-20,0.1108687499999999
2023-02-20,0.1108687499999999
2023-02-21,0.11203425
2023-02-21,0.11203425
