time,solar [J/m^2]
2017-01-01,138525.75840301948
2017-01-02,99815.15623810656
2017-01-03,81978.50032268374
2017-01-04,86818.19880221957
2017-01-05,158841.73639598707
2017-01-06,170313.2631832123
2017-01-07,90135.46159560168
2017-01-08,65383.29395386563
2017-01-09,89829.7880655697
2017-01-10,112947.45486412178
2017-01-11,79476.20026902847
2017-01-12,114644.93656027898
2017-01-13,114202.03558000427
2017-01-14,138625.2690423161
2017-01-15,157339.94436731364
2017-01-16,166814.6132315714
2017-01-17,155011.50409907138
2017-01-18,172354.37656282078
2017-01-19,196874.03838377612
2017-01-20,187381.2569624721
2017-01-21,193907.06365390003
2017-01-22,228439.3096255639
2017-01-23,175841.74361681464
2017-01-24,132126.70394978122
2017-01-25,199877.49904203115
2017-01-26,244325.04825901098
2017-01-27,246380.531452316
2017-01-28,243709.26962218943
2017-01-29,230004.52840801535
2017-01-30,77427.64092949712
2017-01-31,90885.884472952
2017-02-01,181923.95562317685
2017-02-02,227575.0021572955
2017-02-03,138423.60640917943
2017-02-04,210063.26341767827
2017-02-05,189198.14256597098
2017-02-06,160723.5193616991
2017-02-07,152294.51927092046
2017-02-08,228624.62393931605
2017-02-09,264357.8659998152
2017-02-10,210518.27227937468
2017-02-11,284491.4437750362
2017-02-12,317558.32310194307
2017-02-13,363050.73686212813
2017-02-14,385057.4425148485
2017-02-15,382984.5233835997
2017-02-16,336565.5424018372
2017-02-17,175921.1817176711
2017-02-18,186384.03698346927
2017-02-19,272355.79599127016
2017-02-20,119087.6829171714
2017-02-21,171381.02078230053
2017-02-22,93130.06695320061
2017-02-23,179032.2604444432
2017-02-24,353026.99878236983
2017-02-25,358423.31371328124
2017-02-26,219530.97032789665
2017-02-27,348574.7985541543
2017-02-28,302505.1362790903
2017-03-01,289182.6959618768
2017-03-02,343746.42582024256
2017-03-03,366507.58391083847
2017-03-04,410632.37211251754
2017-03-05,364735.2803686327
2017-03-06,304934.09625172085
2017-03-07,292961.8690335458
2017-03-08,209962.1414642149
2017-03-09,205432.31161295087
2017-03-10,425824.59037799994
2017-03-11,499270.44562532706
2017-03-12,573816.1678161857
2017-03-13,538602.1734448583
2017-03-14,466295.1126294036
2017-03-15,440678.10175722785
2017-03-16,610272.3451690663
2017-03-17,382172.70213933574
2017-03-18,153500.7120702946
2017-03-19,134595.22594248966
2017-03-20,215661.67003554638
2017-03-21,326850.4434740024
2017-03-22,430278.64298489044
2017-03-23,457763.7735934907
2017-03-24,618390.1615577877
2017-03-25,703107.6218279157
2017-03-26,671511.3271129592
2017-03-27,753229.4142824489
2017-03-28,745020.2048106416
2017-03-29,486121.42623381014
2017-03-30,551328.3545206705
2017-03-31,721337.4845276475
2017-04-01,636669.404969914
2017-04-02,551500.1117007119
2017-04-03,567987.9200771591
2017-04-04,547999.6934856568
2017-04-05,490105.7320316511
2017-04-06,507979.45882771164
2017-04-07,425297.89300666476
2017-04-08,499798.44268996787
2017-04-09,842994.4453821826
2017-04-10,718506.1430702388
2017-04-11,586739.8242704669
2017-04-12,527272.7718638219
2017-04-13,579979.854573134
2017-04-14,523533.251454706
2017-04-15,448811.6205408328
2017-04-16,610313.1488584979
2017-04-17,569507.448904277
2017-04-18,711976.1320173376
2017-04-19,730395.9158342077
2017-04-20,821468.3745329347
2017-04-21,633868.7632757706
2017-04-22,593053.1676897603
2017-04-23,701260.8062021817
2017-04-24,809041.002791062
2017-04-25,632520.6666947586
2017-04-26,671719.0735558078
2017-04-27,782717.8632130687
2017-04-28,720437.3647133866
2017-04-29,754735.9982577417
2017-04-30,1012453.8872369803
2017-05-01,508145.9156358109
2017-05-02,466509.62387063535
2017-05-03,601218.0859753398
2017-05-04,457594.61127399886
2017-05-05,383057.16608217027
2017-05-06,723313.5279321466
2017-05-07,497339.10502377915
2017-05-08,364830.0478942238
2017-05-09,742281.2078531863
2017-05-10,912821.0580320285
2017-05-11,968909.3437199934
2017-05-12,759195.4908604957
2017-05-13,832486.6949060225
2017-05-14,814503.547055419
2017-05-15,930002.9531561473
2017-05-16,752377.5143840105
2017-05-17,1027246.2828672914
2017-05-18,828162.1793425452
2017-05-19,526273.572716352
2017-05-20,748236.3567677649
2017-05-21,827041.0861930116
2017-05-22,914658.554707747
2017-05-23,925854.6146902622
2017-05-24,660808.232172113
2017-05-25,785337.9932302517
2017-05-26,1085709.3113638654
2017-05-27,1163459.103252705
2017-05-28,1007514.7226085532
2017-05-29,1033144.7951495821
2017-05-30,875053.6669716066
2017-05-31,917140.2544590835
2017-06-01,1001643.8938777354
2017-06-02,975512.852190855
2017-06-03,826141.4620349159
2017-06-04,628643.1257821851
2017-06-05,780633.4813529238
2017-06-06,726050.9628882044
2017-06-07,869793.2684369255
2017-06-08,800522.7026681564
2017-06-09,799986.0071530124
2017-06-10,937248.4027582229
2017-06-11,1084298.7733652054
2017-06-12,833541.7734200441
2017-06-13,821333.8000593367
2017-06-14,1053013.8560918493
2017-06-15,1016863.0240589449
2017-06-16,847563.1680937085
2017-06-17,582470.4758469965
2017-06-18,924076.0842943637
2017-06-19,1141086.0732614652
2017-06-20,1042262.5733709806
2017-06-21,1094601.9018482037
2017-06-22,935334.4244288759
2017-06-23,798834.2488186053
2017-06-24,722875.0587643165
2017-06-25,538202.0178439635
2017-06-26,863190.1601559473
2017-06-27,698569.1198929973
2017-06-28,627044.9407009449
2017-06-29,502118.8130600426
2017-06-30,707061.237424875
2017-07-01,479596.6509987185
2017-07-02,461060.2557351573
2017-07-03,906302.949312382
2017-07-04,839574.335676626
2017-07-05,911247.5277655177
2017-07-06,1049073.3938167274
2017-07-07,937689.3405537588
2017-07-08,913842.0834936813
2017-07-09,880340.9039887938
2017-07-10,641492.8153575184
2017-07-11,779995.9988777847
2017-07-12,422548.55101206386
2017-07-13,896685.5608306993
2017-07-14,789176.5482566152
2017-07-15,734214.342781709
2017-07-16,578311.7270945829
2017-07-17,755223.004682064
2017-07-18,997166.7736874752
2017-07-19,1022661.8942854931
2017-07-20,697258.3019684885
2017-07-21,921826.6785755833
2017-07-22,803973.8959068569
2017-07-23,747561.6958416161
2017-07-24,536620.478717728
2017-07-25,312654.9048961991
2017-07-26,410679.91780009656
2017-07-27,524993.4526977544
2017-07-28,720891.3988625039
2017-07-29,698581.5978325476
2017-07-30,867292.7823079961
2017-07-31,866304.8822870316
2017-08-01,733491.474176053
2017-08-02,734632.6218913157
2017-08-03,661031.5727445737
2017-08-04,677421.3531419212
2017-08-05,594332.2342787647
2017-08-06,764444.3780979492
2017-08-07,958408.2233506329
2017-08-08,665169.9443023017
2017-08-09,706918.6474286276
2017-08-10,349024.9357785023
2017-08-11,225270.4536902474
2017-08-12,347239.0049628863
2017-08-13,619990.8243563733
2017-08-14,792744.2809579858
2017-08-15,796715.8693166352
2017-08-16,689181.2089010408
2017-08-17,624463.5978205588
2017-08-18,505750.6031624248
2017-08-19,679381.8161235418
2017-08-20,713774.4079479976
2017-08-21,640807.2489981214
2017-08-22,752818.1761950655
2017-08-23,882270.370521339
2017-08-24,638866.6528407704
2017-08-25,766666.6501892791
2017-08-26,677314.6106721297
2017-08-27,716644.2465711134
2017-08-28,765043.8218313912
2017-08-29,845214.4435820254
2017-08-30,672110.0806959791
2017-08-31,358563.84043188766
2017-09-01,464320.50425239763
2017-09-02,583325.7504785844
2017-09-03,629717.1636510917
2017-09-04,682004.4741570303
2017-09-05,529209.0022061346
2017-09-06,449486.66841936857
2017-09-07,477976.8230724864
2017-09-08,312363.10974115547
2017-09-09,316968.18277139775
2017-09-10,468767.8022758332
2017-09-11,444235.29509782564
2017-09-12,480658.0362717102
2017-09-13,342293.23092326743
2017-09-14,375819.92363776424
2017-09-15,494371.42486950505
2017-09-16,489267.0238426721
2017-09-17,575412.117152524
2017-09-18,508730.1049268462
2017-09-19,420503.99544349377
2017-09-20,418908.9833410198
2017-09-21,505210.3046910213
2017-09-22,510681.3991742263
2017-09-23,441136.7965652077
2017-09-24,405862.31559727393
2017-09-25,390341.86648411857
2017-09-26,448200.6114801091
2017-09-27,475181.46058258973
2017-09-28,361034.6794895185
2017-09-29,415184.68272753106
2017-09-30,336518.09954349714
2017-10-01,377617.7818649448
2017-10-02,200668.5231118965
2017-10-03,352705.0667395307
2017-10-04,302159.58545634145
2017-10-05,242021.49649500838
2017-10-06,332955.32384095574
2017-10-07,209248.46100141807
2017-10-08,248597.23561285844
2017-10-09,270057.6254014123
2017-10-10,210737.57293617306
2017-10-11,240702.79911450486
2017-10-12,317550.45914695645
2017-10-13,296923.2236491348
2017-10-14,377293.10587722104
2017-10-15,430038.9124295902
2017-10-16,430186.9630016825
2017-10-17,396623.256417034
2017-10-18,388189.3911818769
2017-10-19,369657.4946882315
2017-10-20,269970.3334077269
2017-10-21,177865.3782173677
2017-10-22,218671.5821345899
2017-10-23,164079.28803912908
2017-10-24,110672.32363724918
2017-10-25,192101.87663620993
2017-10-26,207428.52242200452
2017-10-27,244545.1986768215
2017-10-28,122503.65098519495
2017-10-29,214385.10119613333
2017-10-30,256920.45741002224
2017-10-31,208128.4311745777
2017-11-01,179124.062070403
2017-11-02,222058.19939482262
2017-11-03,162746.8378504192
2017-11-04,241183.15114883427
2017-11-05,113828.24435082781
2017-11-06,181458.5157175225
2017-11-07,131159.92142490981
2017-11-08,96095.56673655885
2017-11-09,99888.14994851446
2017-11-10,67823.35619940612
2017-11-11,98399.29282625839
2017-11-12,81353.92277513153
2017-11-13,177508.9980500162
2017-11-14,128627.59533958991
2017-11-15,121357.70349138604
2017-11-16,130538.70735823196
2017-11-17,125454.00955280858
2017-11-18,131532.10361537748
2017-11-19,154968.84990205945
2017-11-20,80939.75183275234
2017-11-21,36501.50171820014
2017-11-22,155169.48675146216
2017-11-23,164410.2377691201
2017-11-24,111236.58487829207
2017-11-25,80037.35694688967
2017-11-26,129828.9242230148
2017-11-27,86281.51153675054
2017-11-28,107308.3105900568
2017-11-29,129103.4659054405
2017-11-30,106375.81056271394
2017-12-01,125733.11953729969
2017-12-02,127513.8445939544
2017-12-03,85442.8189729807
2017-12-04,74264.17075344587
2017-12-05,58487.67900872605
2017-12-06,101843.52191419942
2017-12-07,151490.96551262462
2017-12-08,111757.28173938493
2017-12-09,118457.65851623983
2017-12-10,66257.85548247946
2017-12-11,40397.886331506656
2017-12-12,98955.78468681098
2017-12-13,113809.81166039553
2017-12-14,106765.52401383394
2017-12-15,94304.4479470582
2017-12-16,105797.54290668659
2017-12-17,107303.8991218828
2017-12-18,87565.26363727586
2017-12-19,61939.38149031081
2017-12-20,43996.8116216308
2017-12-21,31229.595270039175
2017-12-22,34431.57041093973
2017-12-23,45875.233902868196
2017-12-24,55037.674628104105
2017-12-25,94159.85991576397
2017-12-26,110606.8076531458
2017-12-27,80419.53046478618
2017-12-28,89992.57995683221
2017-12-29,141148.71253070488
2017-12-30,42473.1382246509
2017-12-31,62030.91732261453
2018-01-01,128890.78789458024
2018-01-02,98300.54662527442
2018-01-03,82710.86913017694
2018-01-04,43362.21146937805
2018-01-05,80599.68536733474
2018-01-06,100634.79146204173
2018-01-07,98297.79246489452
2018-01-08,144929.83199261446
2018-01-09,123338.20446034959
2018-01-10,144854.93114159445
2018-01-11,97810.03555319115
2018-01-12,65321.84281211081
2018-01-13,105982.18078629965
2018-01-14,162865.198792262
2018-01-15,118380.46373847873
2018-01-16,107665.75051880274
2018-01-17,139200.06554999188
2018-01-18,84947.09928791909
2018-01-19,152478.7594799881
2018-01-20,118428.38121954375
2018-01-21,157698.94534546704
2018-01-22,59329.32531526902
2018-01-23,132961.34315146535
2018-01-24,115464.37403640182
2018-01-25,115343.51719057006
2018-01-26,123935.87724186441
2018-01-27,130753.23044397026
2018-01-28,75933.05385487388
2018-01-29,94400.04186507857
2018-01-30,155958.1983697022
2018-01-31,90193.03077488294
2018-02-01,190419.89858543777
2018-02-02,174179.97692247573
2018-02-03,191855.38495824797
2018-02-04,204677.12733563103
2018-02-05,270111.85469594406
2018-02-06,249726.8867353549
2018-02-07,264438.99685254873
2018-02-08,251868.0852126665
2018-02-09,254331.0665681987
2018-02-10,164682.10609778253
2018-02-11,146561.30543497804
2018-02-12,275879.9270535431
2018-02-13,357451.0449505052
2018-02-14,383267.31830969796
2018-02-15,120868.0049500777
2018-02-16,282520.2144088016
2018-02-17,172088.3735681921
2018-02-18,320524.69871093455
2018-02-19,316360.0882549575
2018-02-20,326587.78638517595
2018-02-21,385252.8770621086
2018-02-22,345547.1188940253
2018-02-23,391136.03850527195
2018-02-24,419003.7078737566
2018-02-25,448161.7385830553
2018-02-26,368030.8920753609
2018-02-27,415761.7514930432
2018-02-28,474952.4722544525
2018-03-01,457836.8502476145
2018-03-02,442785.7412142793
2018-03-03,436933.7695066878
2018-03-04,472097.64006980165
2018-03-05,456600.75546228833
2018-03-06,391933.7851187345
2018-03-07,356907.3090637386
2018-03-08,392837.21795759635
2018-03-09,345690.02442843135
2018-03-10,239565.48000535372
2018-03-11,416389.68793986615
2018-03-12,290326.5470811064
2018-03-13,232048.47812834164
2018-03-14,318059.14804879227
2018-03-15,435426.2286617776
2018-03-16,241088.20438263877
2018-03-17,339151.78413074074
2018-03-18,467710.1511074361
2018-03-19,594649.4498153006
2018-03-20,512841.3566797676
2018-03-21,569150.7320756419
2018-03-22,247082.98534475642
2018-03-23,225948.7972277858
2018-03-24,523110.2283683867
2018-03-25,593479.2762074396
2018-03-26,465803.4148348219
2018-03-27,532754.4848130537
2018-03-28,211359.1664041884
2018-03-29,527880.4660136342
2018-03-30,612702.2193320376
2018-03-31,425143.88469099
2018-04-01,424823.0862352939
2018-04-02,556698.7796986599
2018-04-03,678377.2078770322
2018-04-04,567647.0197443863
2018-04-05,549313.6297966136
2018-04-06,850595.264903288
2018-04-07,855715.556468606
2018-04-08,825793.9962471869
2018-04-09,776202.3317804015
2018-04-10,701956.4330208487
2018-04-11,641625.3483596462
2018-04-12,650009.3736174227
2018-04-13,453617.29658588715
2018-04-14,635537.2718534609
2018-04-15,674362.1675508518
2018-04-16,600833.4305876525
2018-04-17,830228.8804620522
2018-04-18,937181.8626344277
2018-04-19,955226.0447922285
2018-04-20,956488.1989403999
2018-04-21,915707.3082045577
2018-04-22,876155.3329250437
2018-04-23,715406.3299009412
2018-04-24,559334.9677480282
2018-04-25,695752.3266955375
2018-04-26,746998.1931811593
2018-04-27,869129.0427057188
2018-04-28,758831.2407959489
2018-04-29,865828.0606386167
2018-04-30,775997.0277483581
2018-05-01,647966.5258036136
2018-05-02,812912.1742972442
2018-05-03,784833.4901591372
2018-05-04,923122.2200851823
2018-05-05,1004492.1999220633
2018-05-06,1066604.0350003343
2018-05-07,1079731.472566439
2018-05-08,1074593.7774257336
2018-05-09,927981.2022198633
2018-05-10,742676.4220507499
2018-05-11,616192.1099464704
2018-05-12,861751.4751368606
2018-05-13,799617.298148783
2018-05-14,807987.4276490364
2018-05-15,883030.9322349592
2018-05-16,698679.0352179885
2018-05-17,819666.2265803629
2018-05-18,861455.600330872
2018-05-19,807764.2835057363
2018-05-20,954459.7476432553
2018-05-21,1077588.512404605
2018-05-22,955043.2441553081
2018-05-23,851128.6272880286
2018-05-24,759842.0718112007
2018-05-25,899607.3502875034
2018-05-26,1011469.6093442143
2018-05-27,928307.1391311699
2018-05-28,1021833.9276609845
2018-05-29,977328.5985638504
2018-05-30,975118.397572524
2018-05-31,945979.7966876904
2018-06-01,754016.8463329371
2018-06-02,704064.9264158071
2018-06-03,858468.0892596309
2018-06-04,927645.5339886975
2018-06-05,929060.6642066232
2018-06-06,1056310.7100145372
2018-06-07,931931.100541579
2018-06-08,890950.4530497859
2018-06-09,907127.2233630767
2018-06-10,792789.1340414576
2018-06-11,828292.4153054742
2018-06-12,586121.3753213609
2018-06-13,490330.1182084638
2018-06-14,808325.4565169223
2018-06-15,717685.4602284799
2018-06-16,789404.1009922415
2018-06-17,768662.6737528057
2018-06-18,572003.1866669451
2018-06-19,585769.6620266618
2018-06-20,903608.9555694304
2018-06-21,842149.9368111956
2018-06-22,743543.5287977153
2018-06-23,554525.1482479237
2018-06-24,513212.04466714564
2018-06-25,598915.6798178187
2018-06-26,816591.8875791928
2018-06-27,1018913.779228021
2018-06-28,837838.6847927315
2018-06-29,1015249.5420094877
2018-06-30,1125965.6918939643
2018-07-01,1167250.7069109536
2018-07-02,1192746.0018626517
2018-07-03,1169213.9501211443
2018-07-04,1019142.9849538436
2018-07-05,822289.3648874536
2018-07-06,782249.6564079415
2018-07-07,1057124.5170891946
2018-07-08,1026299.4485338059
2018-07-09,818039.4981609028
2018-07-10,585207.5119540248
2018-07-11,624655.9091721472
2018-07-12,730908.4820596514
2018-07-13,1000312.3747589542
2018-07-14,958733.7761702096
2018-07-15,1035936.8326403644
2018-07-16,1028317.4518264858
2018-07-17,990124.2443008856
2018-07-18,977480.5023132673
2018-07-19,981977.2170578247
2018-07-20,966776.5831113631
2018-07-21,707709.1869151253
2018-07-22,765843.1651749738
2018-07-23,863842.973810323
2018-07-24,1037101.399167667
2018-07-25,932810.9237163666
2018-07-26,1000973.4881702132
2018-07-27,975664.9041982418
2018-07-28,780736.2088654833
2018-07-29,865053.0551768081
2018-07-30,943019.7874503819
2018-07-31,884951.4886214276
2018-08-01,900446.1654346354
2018-08-02,897408.8750232477
2018-08-03,972997.120500382
2018-08-04,866555.0994981225
2018-08-05,881901.5272977151
2018-08-06,1021227.1009776801
2018-08-07,913308.8082501893
2018-08-08,804530.9518337115
2018-08-09,768849.7541842222
2018-08-10,685954.793046182
2018-08-11,768251.3261396106
2018-08-12,921012.1780537033
2018-08-13,575155.0540923487
2018-08-14,656833.896051638
2018-08-15,586259.6704499783
2018-08-16,906739.3653774615
2018-08-17,719272.6709118293
2018-08-18,817522.9101977708
2018-08-19,857788.94158711
2018-08-20,588618.1000919682
2018-08-21,676901.0296117963
2018-08-22,795620.5633344505
2018-08-23,759381.05967097
2018-08-24,527009.9125599937
2018-08-25,518286.3894451263
2018-08-26,661546.8501904841
2018-08-27,394797.8792085349
2018-08-28,700361.6424827875
2018-08-29,781601.4345507737
2018-08-30,484469.87740990194
2018-08-31,463988.07397495955
2018-09-01,566367.3651840709
2018-09-02,383526.1359846881
2018-09-03,431452.629850615
2018-09-04,576419.6894111104
2018-09-05,682681.5105730897
2018-09-06,572802.9474201599
2018-09-07,488294.2280579454
2018-09-08,651389.9899331381
2018-09-09,673131.0894014766
2018-09-10,580043.314667369
2018-09-11,627789.3201454942
2018-09-12,564101.9721681005
2018-09-13,371870.2409805995
2018-09-14,458511.6020744036
2018-09-15,505106.7788288207
2018-09-16,655296.6234854249
2018-09-17,679561.9703285381
2018-09-18,655915.0979726227
2018-09-19,602986.5311901976
2018-09-20,597275.7966410588
2018-09-21,383801.0770898525
2018-09-22,419912.88133239327
2018-09-23,161541.85683546666
2018-09-24,513131.35908961395
2018-09-25,527376.7781756585
2018-09-26,547567.3078136184
2018-09-27,556879.9400973712
2018-09-28,455428.2391184378
2018-09-29,545474.997690143
2018-09-30,585649.2699093714
2018-10-01,368638.5019005229
2018-10-02,173108.8613710966
2018-10-03,354863.88935971865
2018-10-04,403332.559747023
2018-10-05,534784.7043463109
2018-10-06,500612.7018546793
2018-10-07,414651.2107272486
2018-10-08,445700.29573170765
2018-10-09,431966.1525253521
2018-10-10,481348.95611284854
2018-10-11,459978.5447346859
2018-10-12,453847.31476623006
2018-10-13,461433.2139701653
2018-10-14,462961.71862827125
2018-10-15,441637.1701366272
2018-10-16,414936.6461899919
2018-10-17,396591.3041460351
2018-10-18,319919.29654352827
2018-10-19,272062.8065614619
2018-10-20,316685.6344400448
2018-10-21,324955.2676188893
2018-10-22,230583.3499284213
2018-10-23,147190.89940437351
2018-10-24,111743.12101827319
2018-10-25,166207.12195564836
2018-10-26,224246.00172039153
2018-10-27,199272.55641546566
2018-10-28,154470.76054133737
2018-10-29,95431.60437337251
2018-10-30,172468.51652834573
2018-10-31,281458.5024926473
2018-11-01,200939.38649210034
2018-11-02,214416.05041446316
2018-11-03,242227.01414112153
2018-11-04,201638.17851014555
2018-11-05,223521.078847919
2018-11-06,271755.0209642926
2018-11-07,271612.88381139684
2018-11-08,196529.16483172987
2018-11-09,191908.7872662705
2018-11-10,153061.15778917648
2018-11-11,184896.83894278904
2018-11-12,155277.82285548616
2018-11-13,158358.6560954459
2018-11-14,205947.2454502775
2018-11-15,203379.44920125595
2018-11-16,239059.2842726222
2018-11-17,248184.79842999336
2018-11-18,225346.52286874122
2018-11-19,143751.4932569138
2018-11-20,143002.95135139293
2018-11-21,158564.23326385376
2018-11-22,152615.90515351758
2018-11-23,168424.6432923696
2018-11-24,82493.37025169043
2018-11-25,101236.83804106402
2018-11-26,62062.42870927407
2018-11-27,106075.53039893358
2018-11-28,135958.0966621988
2018-11-29,121842.01269504083
2018-11-30,90437.84145101848
2018-12-01,102400.67359733755
2018-12-02,23980.252175726273
2018-12-03,83945.05622423496
2018-12-04,124070.4861908867
2018-12-05,137634.79660483633
2018-12-06,42631.08205511
2018-12-07,32390.376792520296
2018-12-08,90084.51293857182
2018-12-09,65290.68446198888
2018-12-10,121056.1345062134
2018-12-11,109915.93036154962
2018-12-12,100753.3833157356
2018-12-13,115447.38371839217
2018-12-14,99208.47740329716
2018-12-15,126006.82439369214
2018-12-16,62654.73951960068
2018-12-17,70956.90524503407
2018-12-18,117639.65329647041
2018-12-19,54269.719190339536
2018-12-20,80502.88181365996
2018-12-21,26953.33078824423
2018-12-22,74750.5989215851
2018-12-23,51294.382328683125
2018-12-24,80033.18929868967
2018-12-25,108279.1917886125
2018-12-26,80483.15805478285
2018-12-27,108784.55721489979
2018-12-28,122022.76852323237
2018-12-29,55952.06770508891
2018-12-30,64105.99147420034
2018-12-31,33789.86481258725
2019-01-01,56606.23235568945
2019-01-02,140505.0219100594
2019-01-03,116012.78404217801
2019-01-04,63401.72159425346
2019-01-05,29326.53563751387
2019-01-06,42202.200337620896
2019-01-07,49204.65916923314
2019-01-08,86188.01606939062
2019-01-09,100860.28758196162
2019-01-10,101522.11190281587
2019-01-11,55400.3303218704
2019-01-12,45688.164420546505
2019-01-13,23272.917972581636
2019-01-14,132420.54390078946
2019-01-15,94886.81096003052
2019-01-16,116924.35224026948
2019-01-17,112579.22560458015
2019-01-18,179779.79687871036
2019-01-19,204936.106624417
2019-01-20,211023.41624319795
2019-01-21,201317.1928671937
2019-01-22,197773.49767127528
2019-01-23,187046.95050201772
2019-01-24,142213.3556713926
2019-01-25,136988.88598222454
2019-01-26,57693.958064666316
2019-01-27,124093.4628110148
2019-01-28,117345.78037989179
2019-01-29,182366.3889002707
2019-01-30,161526.50534476983
2019-01-31,225839.3661188069
2019-02-01,142843.47043955437
2019-02-02,115768.41152766564
2019-02-03,140656.02022385458
2019-02-04,252151.35389168118
2019-02-05,184327.53574973557
2019-02-06,233338.06451165988
2019-02-07,151939.2810267038
2019-02-08,212174.05610500535
2019-02-09,243244.58261512025
2019-02-10,98639.95028331963
2019-02-11,234486.68977765637
2019-02-12,222865.79892922996
2019-02-13,244515.97854444667
2019-02-14,341894.3927843727
2019-02-15,386313.22552183206
2019-02-16,396877.9880348482
2019-02-17,393788.7911714627
2019-02-18,410629.00896981213
2019-02-19,275873.9073264608
2019-02-20,262733.562012658
2019-02-21,259644.84491873684
2019-02-22,177324.02061256915
2019-02-23,436854.1793125843
2019-02-24,446464.78005175706
2019-02-25,456965.11715956376
2019-02-26,461641.0701955494
2019-02-27,480436.9707668095
2019-02-28,436621.86951546813
2019-03-01,181444.28350940588
2019-03-02,203964.77643487905
2019-03-03,170103.63184912325
2019-03-04,316653.58494167536
2019-03-05,325955.97528815333
2019-03-06,332873.31685567694
2019-03-07,344626.10516857245
2019-03-08,399955.6312938689
2019-03-09,245454.05062415797
2019-03-10,201592.19642368716
2019-03-11,369458.0398025305
2019-03-12,394864.2801142009
2019-03-13,393967.4272892736
2019-03-14,163957.3968605178
2019-03-15,127373.66428122146
2019-03-16,201383.97906775086
2019-03-17,385493.6061449824
2019-03-18,511237.65157121234
2019-03-19,534394.609904674
2019-03-20,506071.17627171084
2019-03-21,576093.1079472174
2019-03-22,634682.3358737285
2019-03-23,554352.9065082214
2019-03-24,497681.2565028164
2019-03-25,510422.4353056668
2019-03-26,386361.7536033017
2019-03-27,353224.2512613712
2019-03-28,386477.5145155384
2019-03-29,628726.583857054
2019-03-30,728943.5675212807
2019-03-31,650572.65934426
2019-04-01,780569.0734065915
2019-04-02,669739.3393530999
2019-04-03,458134.5003637947
2019-04-04,384191.527940677
2019-04-05,375666.16085347737
2019-04-06,638047.8258767
2019-04-07,698067.7091641903
2019-04-08,603360.2700951289
2019-04-09,621612.0262941342
2019-04-10,630960.1431492361
2019-04-11,642775.0135296172
2019-04-12,577458.3912569924
2019-04-13,629960.2394049382
2019-04-14,548193.0876464095
2019-04-15,837443.9259110981
2019-04-16,873895.5696140626
2019-04-17,764724.3193418096
2019-04-18,940148.9936266751
2019-04-19,956539.8868405982
2019-04-20,974198.3591188887
2019-04-21,991214.3622151064
2019-04-22,987327.7297782651
2019-04-23,849682.7921065668
2019-04-24,892004.3233165218
2019-04-25,851366.954209066
2019-04-26,513701.26102324313
2019-04-27,585314.068801707
2019-04-28,671726.6737253655
2019-04-29,482372.83608520014
2019-04-30,816160.7192474607
2019-05-01,804890.9734741781
2019-05-02,673505.7541307976
2019-05-03,674472.1572377783
2019-05-04,628143.7452050782
2019-05-05,812941.5608387754
2019-05-06,824878.6413946407
2019-05-07,825149.7833136725
2019-05-08,442569.56495485984
2019-05-09,689327.6841082922
2019-05-10,777527.2982597955
2019-05-11,536715.5779834875
2019-05-12,802912.1377425321
2019-05-13,1024495.1269758843
2019-05-14,916820.4677086724
2019-05-15,868692.973291441
2019-05-16,459679.4961834364
2019-05-17,611332.2733553558
2019-05-18,952890.6511459396
2019-05-19,894086.5298373387
2019-05-20,548973.8514352246
2019-05-21,335938.0765214556
2019-05-22,528237.5157942082
2019-05-23,960362.1289352506
2019-05-24,933914.7977920797
2019-05-25,802790.1740674806
2019-05-26,760693.8893756726
2019-05-27,590879.1592367461
2019-05-28,643085.6832948984
2019-05-29,877367.5111726845
2019-05-30,637173.2607810006
2019-05-31,791676.9316847506
2019-06-01,1045541.2930392987
2019-06-02,1139718.5782998938
2019-06-03,935022.520730203
2019-06-04,986862.138974229
2019-06-05,1061802.2142974422
2019-06-06,615948.2993193497
2019-06-07,1038376.3437252999
2019-06-08,847966.4783053397
2019-06-09,974832.7870735321
2019-06-10,720703.4306295709
2019-06-11,634193.1396388793
2019-06-12,612826.7264523772
2019-06-13,978629.6562135713
2019-06-14,919426.9066033997
2019-06-15,839084.8444104157
2019-06-16,725516.6353813511
2019-06-17,968149.6434729532
2019-06-18,981179.2762257112
2019-06-19,1021749.7100141587
2019-06-20,848416.6461068941
2019-06-21,911080.0734539464
2019-06-22,859883.7917186379
2019-06-23,987413.8279511834
2019-06-24,1157599.124969011
2019-06-25,1156252.2627187
2019-06-26,1147322.3797046428
2019-06-27,1127622.2633802227
2019-06-28,1123967.2441184935
2019-06-29,1215612.0115035104
2019-06-30,1178740.6997277425
2019-07-01,975046.8273347731
2019-07-02,950238.2944423436
2019-07-03,1001743.730691231
2019-07-04,1097461.379998065
2019-07-05,879791.7945629614
2019-07-06,885150.2202014303
2019-07-07,749736.6221291869
2019-07-08,702406.267067784
2019-07-09,760708.678428053
2019-07-10,1018746.3302466562
2019-07-11,535231.5498868745
2019-07-12,716331.4556237763
2019-07-13,710531.3736008384
2019-07-14,605252.2884182779
2019-07-15,646273.9451976013
2019-07-16,785438.133230185
2019-07-17,813138.3382152268
2019-07-18,871256.42159534
2019-07-19,767669.2216251347
2019-07-20,867274.0822132273
2019-07-21,865505.6607839864
2019-07-22,826117.7988704896
2019-07-23,1101538.1079526234
2019-07-24,1108915.2568636925
2019-07-25,1052778.08785346
2019-07-26,1009745.2165781626
2019-07-27,783586.9832359065
2019-07-28,629417.0094084003
2019-07-29,636077.6518152576
2019-07-30,820482.9460072843
2019-07-31,708328.8342279418
2019-08-01,800831.927878552
2019-08-02,770084.0807549566
2019-08-03,718590.897303577
2019-08-04,804458.0274098242
2019-08-05,770542.6617343664
2019-08-06,695151.1950111927
2019-08-07,513113.01887055923
2019-08-08,803359.5045889853
2019-08-09,678299.3804241245
2019-08-10,691540.9905204636
2019-08-11,819799.9588923994
2019-08-12,601466.6789098545
2019-08-13,727741.4092937129
2019-08-14,796097.7693014314
2019-08-15,506236.7510107467
2019-08-16,696113.5197736957
2019-08-17,371535.19610444154
2019-08-18,517254.83631001617
2019-08-19,664529.831674798
2019-08-20,514949.7708495645
2019-08-21,766676.3352033319
2019-08-22,897505.0214504534
2019-08-23,880620.1307496297
2019-08-24,859123.4296643847
2019-08-25,797029.7594799016
2019-08-26,804393.6710143746
2019-08-27,792367.0957240226
2019-08-28,709520.9502771347
2019-08-29,649333.5171485042
2019-08-30,742280.9558789051
2019-08-31,771166.1046802235
2019-09-01,554635.9015572432
2019-09-02,611040.609695882
2019-09-03,582384.5612013276
2019-09-04,628693.8561060602
2019-09-05,522532.10410762957
2019-09-06,619807.8341011317
2019-09-07,395231.9476995037
2019-09-08,408656.55617174477
2019-09-09,413269.4065283949
2019-09-10,610967.9890965094
2019-09-11,568587.536787297
2019-09-12,434404.0682289061
2019-09-13,422567.73039003176
2019-09-14,630814.4034032742
2019-09-15,661812.1551733633
2019-09-16,361763.18945084926
2019-09-17,478281.5440486243
2019-09-18,571144.5222496447
2019-09-19,590462.7764773071
2019-09-20,604776.082939444
2019-09-21,668559.2414990107
2019-09-22,596906.670510987
2019-09-23,318664.77091799973
2019-09-24,387933.5884624011
2019-09-25,356774.98122323555
2019-09-26,232557.87820822248
2019-09-27,287021.6773334603
2019-09-28,396098.9158019968
2019-09-29,341056.85557402467
2019-09-30,363428.3913438944
2019-10-01,276277.7561887875
2019-10-02,332620.2347411284
2019-10-03,309446.2249861586
2019-10-04,193885.8234591252
2019-10-05,270206.2010333019
2019-10-06,206673.3724973918
2019-10-07,342791.4520372861
2019-10-08,114966.56640309986
2019-10-09,252969.7246599303
2019-10-10,332423.9847159441
2019-10-11,293213.9227965706
2019-10-12,357160.3280552198
2019-10-13,406599.901089429
2019-10-14,424041.1468860491
2019-10-15,342868.01459954155
2019-10-16,249132.9740182679
2019-10-17,229648.9192169635
2019-10-18,296248.93439718435
2019-10-19,214292.1556416856
2019-10-20,253473.01464738278
2019-10-21,212271.1059999107
2019-10-22,258548.66404168346
2019-10-23,307834.1418210547
2019-10-24,298389.4587911248
2019-10-25,276704.09826684993
2019-10-26,336815.758703215
2019-10-27,183651.99794639694
2019-10-28,232788.9859797952
2019-10-29,202532.4284644999
2019-10-30,254318.38663566197
2019-10-31,322426.0912279592
2019-11-01,140347.11964917122
2019-11-02,133638.03629430433
2019-11-03,164367.6700055993
2019-11-04,160060.04219007344
2019-11-05,167271.97283745723
2019-11-06,147606.8210268737
2019-11-07,169440.26840128822
2019-11-08,155703.42332517295
2019-11-09,168895.56868151305
2019-11-10,247302.14373377676
2019-11-11,213666.7204411213
2019-11-12,154320.140047712
2019-11-13,135489.75651347218
2019-11-14,203102.5680256295
2019-11-15,133112.16193113968
2019-11-16,160701.32205806652
2019-11-17,99848.59662039072
2019-11-18,83738.66467652061
2019-11-19,129316.58764103819
2019-11-20,115394.67480652888
2019-11-21,100099.45535515109
2019-11-22,160756.1814118272
2019-11-23,161227.50465765322
2019-11-24,186860.64814060277
2019-11-25,92378.35788685908
2019-11-26,98513.2481918959
2019-11-27,84789.1871752129
2019-11-28,93885.69483683287
2019-11-29,123204.1531473043
2019-11-30,163213.58325991718
2019-12-01,95599.80963431805
2019-12-02,127043.74912306781
2019-12-03,96549.12096613809
2019-12-04,163279.62423922916
2019-12-05,173528.55765113994
2019-12-06,92939.13044235721
2019-12-07,62705.65168564942
2019-12-08,65317.005924804835
2019-12-09,97596.19128736654
2019-12-10,142356.12867536914
2019-12-11,62459.72679749816
2019-12-12,87823.61382096274
2019-12-13,64587.79442840861
2019-12-14,96003.45134191656
2019-12-15,102363.5992379756
2019-12-16,91051.55772521648
2019-12-17,123913.15891291275
2019-12-18,114386.50649743927
2019-12-19,135838.26510573304
2019-12-20,77854.7136242639
2019-12-21,122930.2471316603
2019-12-22,59993.01312623903
2019-12-23,78467.727915585
2019-12-24,60510.765792576094
2019-12-25,71474.20293311197
2019-12-26,88011.95933982985
2019-12-27,75934.55918946814
2019-12-28,118032.83624422479
2019-12-29,146143.31788879258
2019-12-30,152879.18917060122
2019-12-31,117243.69726134132
2020-01-01,150966.41948061995
2020-01-02,123162.3155380904
2020-01-03,61680.49910863884
2020-01-04,57910.38108776174
2020-01-05,83795.24902712257
2020-01-06,130474.69785027685
2020-01-07,76081.7764590836
2020-01-08,41620.76396474197
2020-01-09,51891.57823869697
2020-01-10,111116.55620895991
2020-01-11,126116.92552298459
2020-01-12,144374.00122349063
2020-01-13,92822.08216133436
2020-01-14,95173.98255503397
2020-01-15,182063.51023646398
2020-01-16,174738.83001736505
2020-01-17,157666.7055439411
2020-01-18,132774.83774654695
2020-01-19,128598.61334429443
2020-01-20,130349.58120843774
2020-01-21,211489.16759538927
2020-01-22,143668.29557916053
2020-01-23,151803.03679881626
2020-01-24,193249.27484006368
2020-01-25,141028.85012559933
2020-01-26,163545.97547444966
2020-01-27,125269.54983913683
2020-01-28,125209.66650606507
2020-01-29,162084.51357470304
2020-01-30,154915.2247878223
2020-01-31,88166.96333426074
2020-02-01,87922.86910140152
2020-02-02,51496.18941502448
2020-02-03,120717.62116519509
2020-02-04,194688.33342212994
2020-02-05,266653.15246008255
2020-02-06,210257.04336564193
2020-02-07,255563.82122052342
2020-02-08,266719.71429624205
2020-02-09,224891.04770530085
2020-02-10,222753.20506599892
2020-02-11,248084.067809641
2020-02-12,258131.5747539756
2020-02-13,161451.8441062083
2020-02-14,181482.37115497727
2020-02-15,292331.04996420833
2020-02-16,150145.0202265375
2020-02-17,183740.74453096977
2020-02-18,298232.0682223565
2020-02-19,264859.25611046416
2020-02-20,183401.2324528098
2020-02-21,308386.1829085617
2020-02-22,259383.43741888876
2020-02-23,91210.9733695545
2020-02-24,120088.64896141081
2020-02-25,250062.12413019335
2020-02-26,275609.5158927801
2020-02-27,229109.52034097453
2020-02-28,364317.52375765383
2020-02-29,337750.21396926075
2020-03-01,373308.4514698671
2020-03-02,317153.2108837817
2020-03-03,343852.3673354276
2020-03-04,355612.56040915166
2020-03-05,247327.18394018302
2020-03-06,180332.05345542787
2020-03-07,354735.9399279564
2020-03-08,311456.03307397873
2020-03-09,341241.1426747452
2020-03-10,78901.60363804376
2020-03-11,208210.83947932205
2020-03-12,391702.47455428337
2020-03-13,443618.3239662316
2020-03-14,488856.3378121825
2020-03-15,514611.0443501445
2020-03-16,575151.917392042
2020-03-17,500682.76696619805
2020-03-18,492737.4959854994
2020-03-19,445727.7276963922
2020-03-20,352990.04767097783
2020-03-21,368944.5124838718
2020-03-22,705807.056087942
2020-03-23,743239.9167824577
2020-03-24,749338.045908857
2020-03-25,750688.3063730154
2020-03-26,725467.0357299503
2020-03-27,737829.0305872642
2020-03-28,754436.1873910734
2020-03-29,427728.7893659896
2020-03-30,647047.805080001
2020-03-31,624739.1707714616
2020-04-01,752890.4079052393
2020-04-02,699116.544510315
2020-04-03,555349.125696125
2020-04-04,722733.4363232554
2020-04-05,850410.4594563072
2020-04-06,856711.6302768313
2020-04-07,819661.1589235347
2020-04-08,830407.0771722631
2020-04-09,761607.4966574482
2020-04-10,819655.2255142675
2020-04-11,870901.5302183512
2020-04-12,836991.0005924458
2020-04-13,756909.0559294313
2020-04-14,633116.3347658354
2020-04-15,913505.7687166553
2020-04-16,894757.8090731067
2020-04-17,877269.0103112663
2020-04-18,789856.940775624
2020-04-19,797785.0364831396
2020-04-20,977605.9221035781
2020-04-21,991031.7226076046
2020-04-22,1010847.092509549
2020-04-23,1010915.3412869205
2020-04-24,917596.8449201972
2020-04-25,843355.3152203894
2020-04-26,900514.6174019757
2020-04-27,916821.446229869
2020-04-28,583646.9286263305
2020-04-29,586164.2847453546
2020-04-30,591690.088488832
2020-05-01,744267.7735030282
2020-05-02,726945.3355971379
2020-05-03,723488.5856133801
2020-05-04,660203.8328578441
2020-05-05,880620.654430872
2020-05-06,1037938.2589927161
2020-05-07,1044220.4693302558
2020-05-08,1009715.7445785679
2020-05-09,868895.5434379652
2020-05-10,684635.352346227
2020-05-11,413193.96140526515
2020-05-12,853779.8127242062
2020-05-13,703252.056488555
2020-05-14,750485.8687190245
2020-05-15,824626.5363390871
2020-05-16,899216.5752639704
2020-05-17,956866.2472417569
2020-05-18,937309.1575319628
2020-05-19,831118.5170286875
2020-05-20,680850.8613008203
2020-05-21,999090.8152135214
2020-05-22,602779.2520459135
2020-05-23,502937.8437459337
2020-05-24,750721.6750688817
2020-05-25,692035.5163015932
2020-05-26,903068.8622615082
2020-05-27,946431.0293920095
2020-05-28,1050855.1558089321
2020-05-29,1047792.5363779144
2020-05-30,940766.9351594917
2020-05-31,905573.6336286566
2020-06-01,1177447.7670907683
2020-06-02,1141932.9773034225
2020-06-03,979703.7030407301
2020-06-04,473916.83260082855
2020-06-05,704385.1036417751
2020-06-06,709387.1923867431
2020-06-07,645698.7596914986
2020-06-08,829521.4218426967
2020-06-09,600640.2701746257
2020-06-10,575315.8200058024
2020-06-11,540874.4613885317
2020-06-12,990712.638087716
2020-06-13,875860.5004883037
2020-06-14,445484.6225511797
2020-06-15,567587.2142927393
2020-06-16,629961.7154148532
2020-06-17,761351.319181284
2020-06-18,696966.4148274122
2020-06-19,691213.5625097902
2020-06-20,744909.774281017
2020-06-21,874591.1817335536
2020-06-22,899410.9597160296
2020-06-23,1145955.173755333
2020-06-24,1116874.438387106
2020-06-25,956523.9136723155
2020-06-26,1047900.6025795015
2020-06-27,934799.9081275937
2020-06-28,709186.4560489823
2020-06-29,822347.1572880984
2020-06-30,688322.5474791866
2020-07-01,656366.6802868857
2020-07-02,726248.7568428539
2020-07-03,725871.4050565668
2020-07-04,726392.536034146
2020-07-05,528193.6367960122
2020-07-06,833478.6445663841
2020-07-07,785612.3185944567
2020-07-08,466110.4553205508
2020-07-09,574490.9862117287
2020-07-10,691846.1076983124
2020-07-11,812855.938112034
2020-07-12,882542.7237103387
2020-07-13,994947.4424506145
2020-07-14,796044.5619641397
2020-07-15,626363.4493430923
2020-07-16,366555.3258130387
2020-07-17,695111.6092872473
2020-07-18,769394.3273374323
2020-07-19,891390.8528108775
2020-07-20,868401.0548706726
2020-07-21,914646.4797512811
2020-07-22,928069.3415011187
2020-07-23,984808.86485031
2020-07-24,791215.4734589304
2020-07-25,697171.9871543099
2020-07-26,676565.1848908968
2020-07-27,797106.0271740789
2020-07-28,817301.1644473341
2020-07-29,911019.2735230868
2020-07-30,1039491.7610412032
2020-07-31,1064652.7645122854
2020-08-01,872432.1448530908
2020-08-02,606652.6120963226
2020-08-03,624085.3142161015
2020-08-04,695374.8269143082
2020-08-05,982553.795447901
2020-08-06,1013783.7621233044
2020-08-07,994700.4120732996
2020-08-08,977565.0874711187
2020-08-09,834893.2667341721
2020-08-10,838515.507496579
2020-08-11,888070.9088313365
2020-08-12,899091.7930975478
2020-08-13,650416.3434971058
2020-08-14,598381.5976540865
2020-08-15,694037.2716217735
2020-08-16,831215.6106461795
2020-08-17,592173.2016784229
2020-08-18,677810.0656038042
2020-08-19,755764.1738946257
2020-08-20,683081.3299980424
2020-08-21,683088.5967195231
2020-08-22,574627.1091872838
2020-08-23,615376.3317677836
2020-08-24,539793.0144394237
2020-08-25,556863.8796164884
2020-08-26,443621.86104243115
2020-08-27,570116.5462951659
2020-08-28,540688.4112400679
2020-08-29,546479.295206407
2020-08-30,375744.22456949693
2020-08-31,497548.5777145019
2020-09-01,525701.9385396879
2020-09-02,649711.0548172153
2020-09-03,447655.9946589861
2020-09-04,544467.5057916103
2020-09-05,462486.7962308686
2020-09-06,518074.2368251616
2020-09-07,590870.4242982136
2020-09-08,542173.429868162
2020-09-09,516727.3175160333
2020-09-10,514160.3976335775
2020-09-11,611589.5611552288
2020-09-12,662492.960536325
2020-09-13,693860.0797036517
2020-09-14,708467.3906533086
2020-09-15,675413.0548536394
2020-09-16,586701.4744745434
2020-09-17,602452.0169294124
2020-09-18,687300.7898487529
2020-09-19,665033.14331259
2020-09-20,646337.926786773
2020-09-21,636444.214866686
2020-09-22,613422.2593798698
2020-09-23,520424.65069927456
2020-09-24,485122.6665351928
2020-09-25,310731.53835182724
2020-09-26,144153.44245577653
2020-09-27,261810.82126906983
2020-09-28,318499.4331183943
2020-09-29,226082.46369368176
2020-09-30,303240.456645744
2020-10-01,390309.53876424604
2020-10-02,364097.85920652474
2020-10-03,286903.5961521522
2020-10-04,399947.6238099665
2020-10-05,290378.95109833294
2020-10-06,234931.40674373799
2020-10-07,278031.82596380037
2020-10-08,190754.7107189611
2020-10-09,243280.90446161604
2020-10-10,307121.2839064482
2020-10-11,316732.75314134394
2020-10-12,282466.82647976506
2020-10-13,313650.55625545693
2020-10-14,155381.63144780928
2020-10-15,87833.6411270778
2020-10-16,151368.01260926688
2020-10-17,183669.7419982711
2020-10-18,233287.8338184352
2020-10-19,292225.24777754716
2020-10-20,271935.71007335937
2020-10-21,209870.9020430857
2020-10-22,308865.48815682816
2020-10-23,150294.9309806952
2020-10-24,201649.8970915292
2020-10-25,234135.11704425138
2020-10-26,136728.43716898977
2020-10-27,224784.6589470911
2020-10-28,198813.9849299651
2020-10-29,199137.88565533445
2020-10-30,73982.59725006811
2020-10-31,235033.68463443805
2020-11-01,87941.7253080792
2020-11-02,151752.72109244563
2020-11-03,186926.4115312769
2020-11-04,238004.37872910046
2020-11-05,233807.91248871843
2020-11-06,213223.57288916336
2020-11-07,281217.41701790626
2020-11-08,254037.29207831682
2020-11-09,217169.87890980789
2020-11-10,173182.97960151287
2020-11-11,89658.21502287297
2020-11-12,149974.23921778728
2020-11-13,173481.0540945612
2020-11-14,191140.07118066566
2020-11-15,220634.64655262246
2020-11-16,119736.98651441617
2020-11-17,94844.22943948046
2020-11-18,203269.3883398959
2020-11-19,105505.35123480653
2020-11-20,165929.704005121
2020-11-21,130915.94149994261
2020-11-22,103169.3973699062
2020-11-23,129621.23873646317
2020-11-24,125481.66215865087
2020-11-25,185999.88599822286
2020-11-26,128601.50009597452
2020-11-27,150379.46681987404
2020-11-28,153491.36227338613
2020-11-29,139344.09402425835
2020-11-30,150686.81801232163
2020-12-01,59574.39782324165
2020-12-02,95982.39794326933
2020-12-03,91074.65407843597
2020-12-04,106508.15734267642
2020-12-05,109314.58356918923
2020-12-06,72201.7000663513
2020-12-07,79620.29695844157
2020-12-08,126662.21096138324
2020-12-09,60645.750730665844
2020-12-10,84046.17061676877
2020-12-11,80734.40675902192
2020-12-12,55788.18839963113
2020-12-13,54345.745108760544
2020-12-14,93087.34948984667
2020-12-15,54035.47726406904
2020-12-16,98145.0761879895
2020-12-17,102096.0634732097
2020-12-18,134814.07616177018
2020-12-19,136725.79887564294
2020-12-20,91494.01687824266
2020-12-21,87704.75179516683
2020-12-22,39799.8951041457
2020-12-23,46934.93282133987
2020-12-24,63646.016076566506
2020-12-25,111663.58894158842
2020-12-26,92120.16754265572
2020-12-27,82239.8990881607
2020-12-28,85939.86818329451
2020-12-29,99843.60348454975
2020-12-30,114261.44009832188
2020-12-31,92848.32756913913
2021-01-01,104755.21991593922
2021-01-02,88350.61024761341
2021-01-03,65634.86228200598
2021-01-04,81218.78996615132
2021-01-05,66051.93753847164
2021-01-06,63556.8427237547
2021-01-07,96166.78079520684
2021-01-08,89684.28349188746
2021-01-09,93270.46348341044
2021-01-10,109480.61720578092
2021-01-11,117584.6357018739
2021-01-12,57617.735451204586
2021-01-13,135774.5925066173
2021-01-14,109299.67875481234
2021-01-15,134039.24253895544
2021-01-16,132588.04275271395
2021-01-17,99981.64381365171
2021-01-18,92550.02369136461
2021-01-19,62303.24668418998
2021-01-20,143248.4673950125
2021-01-21,156322.6600887664
2021-01-22,137957.8480098926
2021-01-23,125282.80489317111
2021-01-24,137531.6045950027
2021-01-25,153308.24907274687
2021-01-26,153467.23325546575
2021-01-27,122544.7320525608
2021-01-28,52545.53279296055
2021-01-29,103846.45254471827
2021-01-30,120601.98779541429
2021-01-31,225879.03969414253
2021-02-01,95735.8920338608
2021-02-02,70471.9889023422
2021-02-03,88324.36423296796
2021-02-04,172634.0122655351
2021-02-05,140205.61186108255
2021-02-06,134543.62607014194
2021-02-07,99796.92951396834
2021-02-08,162186.75210428535
2021-02-09,245327.00861186822
2021-02-10,207883.08781937766
2021-02-11,286905.2150273859
2021-02-12,339455.4924773933
2021-02-13,371702.3144791538
2021-02-14,379023.797537836
2021-02-15,171028.92151867566
2021-02-16,222569.9579821767
2021-02-17,197439.4551599353
2021-02-18,274862.8732099442
2021-02-19,325447.37501871807
2021-02-20,386556.15609449375
2021-02-21,428323.8698741595
2021-02-22,413178.3309143735
2021-02-23,398722.37059162284
2021-02-24,441445.61538504483
2021-02-25,441717.9631614176
2021-02-26,304599.48696598894
2021-02-27,277179.88701965054
2021-02-28,398492.83238548087
2021-03-01,428223.4760780072
2021-03-02,494418.95000730077
2021-03-03,503223.1660174411
2021-03-04,279727.0078894236
2021-03-05,411902.5484812352
2021-03-06,474879.367165766
2021-03-07,449406.605300999
2021-03-08,421000.4987836106
2021-03-09,310734.43053362396
2021-03-10,314837.1355582629
2021-03-11,229329.4537727905
2021-03-12,458404.36114286166
2021-03-13,309963.28999262274
2021-03-14,417264.0534201995
2021-03-15,343115.7292312461
2021-03-16,423371.6234833081
2021-03-17,437941.3727340256
2021-03-18,473169.1485966185
2021-03-19,536391.8214250873
2021-03-20,529898.5139761928
2021-03-21,279966.4817407759
2021-03-22,334030.2035661225
2021-03-23,343830.5702645823
2021-03-24,664965.6682242148
2021-03-25,555763.6664289559
2021-03-26,556117.9199388257
2021-03-27,528929.1940915418
2021-03-28,515762.0706848497
2021-03-29,675050.2196482797
2021-03-30,772395.0474871894
2021-03-31,783437.1963794833
2021-04-01,696661.3340275656
2021-04-02,569345.6314714978
2021-04-03,575073.9971720251
2021-04-04,567886.4444886674
2021-04-05,424227.8904696461
2021-04-06,673775.8349276052
2021-04-07,543548.7740571292
2021-04-08,591779.969681976
2021-04-09,650148.410687794
2021-04-10,383216.02259085845
2021-04-11,454558.56312371005
2021-04-12,561780.9970618263
2021-04-13,766535.5784766348
2021-04-14,794666.838816259
2021-04-15,746227.2902509404
2021-04-16,639350.4444340203
2021-04-17,589378.8148683747
2021-04-18,529883.7429991162
2021-04-19,570894.2923145929
2021-04-20,805844.2110857983
2021-04-21,844817.891221871
2021-04-22,781509.755232945
2021-04-23,871411.8746458116
2021-04-24,902094.7943682149
2021-04-25,897338.5147003558
2021-04-26,961225.4172919685
2021-04-27,993413.2025792407
2021-04-28,951649.9759046613
2021-04-29,690998.0722035533
2021-04-30,464572.22345045046
2021-05-01,559499.0683355697
2021-05-02,697800.2396073045
2021-05-03,836198.7191850214
2021-05-04,518471.60695747146
2021-05-05,741965.5750275515
2021-05-06,666964.9831014946
2021-05-07,800305.7788894117
2021-05-08,758420.4495849549
2021-05-09,1025904.7727328059
2021-05-10,735938.9388310107
2021-05-11,510934.9990701337
2021-05-12,457984.1633600504
2021-05-13,622727.6671003766
2021-05-14,681980.1747365361
2021-05-15,753459.5939374547
2021-05-16,785024.4879648563
2021-05-17,726688.780823202
2021-05-18,719866.403183773
2021-05-19,821530.9232536549
2021-05-20,805817.3870074392
2021-05-21,733641.9670162281
2021-05-22,764184.6770421719
2021-05-23,828613.6394785402
2021-05-24,757764.2090105339
2021-05-25,746729.2948324132
2021-05-26,612194.5970086731
2021-05-27,567650.0932030265
2021-05-28,782710.871380573
2021-05-29,853831.772574135
2021-05-30,1060920.4150937053
2021-05-31,1147954.96937565
2021-06-01,1129249.1872536547
2021-06-02,1109964.6528027502
2021-06-03,916524.0949934828
2021-06-04,860886.8530491173
2021-06-05,668100.7245488359
2021-06-06,425134.7467099838
2021-06-07,642142.7446638298
2021-06-08,806044.3434464893
2021-06-09,932104.1815016792
2021-06-10,1024220.26559857
2021-06-11,971552.4922496824
2021-06-12,735782.1687871484
2021-06-13,1010567.0264652447
2021-06-14,1194113.904527203
2021-06-15,1018977.2292790194
2021-06-16,1083785.6618306197
2021-06-17,1115106.3314968185
2021-06-18,1032128.0326597383
2021-06-19,1037747.7376094122
2021-06-20,853304.0461722295
2021-06-21,694432.1599843901
2021-06-22,591423.2494781868
2021-06-23,632674.5243978347
2021-06-24,541586.3742443509
2021-06-25,727037.4837403595
2021-06-26,914443.2267880905
2021-06-27,984999.1906358314
2021-06-28,896032.3535921901
2021-06-29,671723.1287238516
2021-06-30,555655.2361345174
2021-07-01,320329.10668448004
2021-07-02,690806.6421975063
2021-07-03,931856.3371463831
2021-07-04,763036.1166270416
2021-07-05,574000.3016696369
2021-07-06,668200.6474900356
2021-07-07,684288.013325715
2021-07-08,555532.3885269117
2021-07-09,531806.5900484658
2021-07-10,831088.224607322
2021-07-11,685587.2919518749
2021-07-12,799108.9273211592
2021-07-13,532675.4355504572
2021-07-14,387305.82084028557
2021-07-15,632025.1160386855
2021-07-16,703284.3716227802
2021-07-17,753529.5255386262
2021-07-18,974448.6229985046
2021-07-19,781308.0620766096
2021-07-20,759338.5545794116
2021-07-21,843369.7782811088
2021-07-22,808598.6116685393
2021-07-23,899852.0417835987
2021-07-24,765183.4309426722
2021-07-25,808792.4375538379
2021-07-26,840500.1966958287
2021-07-27,801630.5675553303
2021-07-28,674165.4432860358
2021-07-29,817154.7885188871
2021-07-30,887646.4768344732
2021-07-31,737314.0554822534
2021-08-01,629491.7317944346
2021-08-02,668300.2092382329
2021-08-03,639215.1051918225
2021-08-04,710156.1795263508
2021-08-05,716436.2495309791
2021-08-06,656310.4194816861
2021-08-07,637555.2574155458
2021-08-08,716751.0321061256
2021-08-09,730978.7525770543
2021-08-10,682014.5034381928
2021-08-11,763329.1563206026
2021-08-12,858757.2210062268
2021-08-13,786689.1454615681
2021-08-14,833897.7655607876
2021-08-15,800657.3947853349
2021-08-16,474047.74960044003
2021-08-17,468710.4937565135
2021-08-18,376458.94381427206
2021-08-19,415567.8983143209
2021-08-20,587573.1507750849
2021-08-21,704715.0152354453
2021-08-22,449666.1943237846
2021-08-23,512202.8298474936
2021-08-24,626818.3567855441
2021-08-25,781296.5223118657
2021-08-26,482099.0531962961
2021-08-27,492213.39423433115
2021-08-28,416191.30922847736
2021-08-29,218961.2417963061
2021-08-30,447354.8970720962
2021-08-31,533458.8608097467
2021-09-01,558779.7301178279
2021-09-02,698274.9784092256
2021-09-03,801092.3428846151
2021-09-04,690609.3797725714
2021-09-05,694904.0294353407
2021-09-06,712030.0894061605
2021-09-07,658930.4448323749
2021-09-08,756640.726042755
2021-09-09,669624.617317194
2021-09-10,503554.40789345047
2021-09-11,467458.15582002763
2021-09-12,513577.6378657112
2021-09-13,501597.75427837117
2021-09-14,602933.7349087301
2021-09-15,244881.13801896354
2021-09-16,334225.69137385563
2021-09-17,416237.73408467526
2021-09-18,440171.3642500601
2021-09-19,361717.99748984614
2021-09-20,340947.28115447244
2021-09-21,399676.7133887038
2021-09-22,470026.11469380284
2021-09-23,536596.5475891822
2021-09-24,347551.4047202054
2021-09-25,465785.33528032136
2021-09-26,408907.8687745869
2021-09-27,352090.6428653368
2021-09-28,403031.5850584455
2021-09-29,327486.8446617739
2021-09-30,446029.6266280177
2021-10-01,511422.4336668707
2021-10-02,403398.402365374
2021-10-03,229128.3222437635
2021-10-04,245118.24172545283
2021-10-05,229197.75493052872
2021-10-06,306591.77730977116
2021-10-07,314918.4114053659
2021-10-08,363220.1117703886
2021-10-09,507127.05395979644
2021-10-10,483392.3745352484
2021-10-11,313217.57379933365
2021-10-12,203424.43911391415
2021-10-13,288609.3033594765
2021-10-14,146300.4113765418
2021-10-15,259858.07879416898
2021-10-16,281279.7941208397
2021-10-17,268521.4360572431
2021-10-18,294123.45754759794
2021-10-19,131475.03135727005
2021-10-20,228597.0631391052
2021-10-21,244210.35840539957
2021-10-22,262210.9016719409
2021-10-23,262690.1600206544
2021-10-24,389353.04246462014
2021-10-25,300457.5629631093
2021-10-26,226831.83784372776
2021-10-27,204720.54907004174
2021-10-28,311903.79934334295
2021-10-29,310551.9123704284
2021-10-30,171331.25037762293
2021-10-31,269610.433217619
2021-11-01,160912.26941257415
2021-11-02,187419.3315359838
2021-11-03,141893.00591141783
2021-11-04,81773.11249795843
2021-11-05,158633.56408756252
2021-11-06,173398.30869584225
2021-11-07,146714.7884030414
2021-11-08,140384.75682526475
2021-11-09,258820.7586934646
2021-11-10,224349.45697340483
2021-11-11,197407.3008839439
2021-11-12,193086.70695774097
2021-11-13,97513.42966418249
2021-11-14,114588.77365865941
2021-11-15,105745.93510574976
2021-11-16,98253.62950236298
2021-11-17,78624.75285281235
2021-11-18,114886.38750896564
2021-11-19,81197.24837411586
2021-11-20,97503.321421443
2021-11-21,92916.9003874241
2021-11-22,135084.3971326599
2021-11-23,111451.63011838536
2021-11-24,120972.63308158692
2021-11-25,120002.92938565643
2021-11-26,93985.80001559756
2021-11-27,111891.3141637529
2021-11-28,112610.35350381031
2021-11-29,110682.69897237599
2021-11-30,36525.40056431075
2021-12-01,55281.6980066048
2021-12-02,122062.21301138318
2021-12-03,127618.12777655745
2021-12-04,55892.147119829315
2021-12-05,100095.47404315608
2021-12-06,103754.8620828004
2021-12-07,119504.08565042874
2021-12-08,76712.85745264306
2021-12-09,87113.18604649157
2021-12-10,98110.4316344856
2021-12-11,100460.862173483
2021-12-12,50178.30932785241
2021-12-13,54765.7249904802
2021-12-14,67531.60289651131
2021-12-15,55523.92831938865
2021-12-16,66005.91361607637
2021-12-17,75738.8068983013
2021-12-18,64791.329275233315
2021-12-19,70267.91513601235
2021-12-20,126669.6186197039
2021-12-21,136760.43001693094
2021-12-22,145235.93533888756
2021-12-23,68320.95784313907
2021-12-24,33902.60073799159
2021-12-25,90261.16007806279
2021-12-26,78106.95880198276
2021-12-27,97445.66647038171
2021-12-28,53238.693058824494
2021-12-29,42661.678130139546
2021-12-30,34298.15092878328
2021-12-31,109241.82859069796
2022-01-01,93707.28796867677
2022-01-02,88075.58600994894
2022-01-03,84867.98461126264
2022-01-04,49621.63368397719
2022-01-05,110602.26418908434
2022-01-06,150113.8800573172
2022-01-07,97418.57116185437
2022-01-08,117636.04633755561
2022-01-09,85044.56116753127
2022-01-10,110578.9134444251
2022-01-11,130749.87824610376
2022-01-12,108421.46962377481
2022-01-13,142224.49183661398
2022-01-14,142936.002288865
2022-01-15,135442.5719894103
2022-01-16,94562.93494966083
2022-01-17,63569.131639263425
2022-01-18,95957.7547970198
2022-01-19,146153.9697289976
2022-01-20,165021.691895676
2022-01-21,138104.83523865024
2022-01-22,65158.85621249442
2022-01-23,94271.33921395068
2022-01-24,167951.49226041013
2022-01-25,137581.16589290558
2022-01-26,116210.26308120384
2022-01-27,102586.23524310003
2022-01-28,193078.87437584196
2022-01-29,70646.676643358
2022-01-30,192778.75569192573
2022-01-31,107556.09176490421
2022-02-01,79371.64399836132
2022-02-02,179570.23429791708
2022-02-03,92258.87621664135
2022-02-04,109946.42908349905
2022-02-05,225725.6874525242
2022-02-06,76995.36999444193
2022-02-07,245255.57507341515
2022-02-08,75013.01273659937
2022-02-09,185962.62040077322
2022-02-10,159545.37602850125
2022-02-11,238781.51155970807
2022-02-12,342849.0367463061
2022-02-13,359305.59449615766
2022-02-14,251268.68061934828
2022-02-15,237760.75186168263
2022-02-16,77178.40373561815
2022-02-17,270040.98846114485
2022-02-18,121695.43627439742
2022-02-19,326730.43937252223
2022-02-20,112933.13978014578
2022-02-21,258777.9735797314
2022-02-22,233716.01991413953
2022-02-23,392785.74743046006
2022-02-24,264125.2099595877
2022-02-25,334904.39883702353
2022-02-26,364031.15359191695
2022-02-27,470604.59245861036
2022-02-28,491248.1171401043
2022-03-01,472442.72995251423
2022-03-02,413016.58661866625
2022-03-03,501257.7107671883
2022-03-04,461255.06882036646
2022-03-05,455765.15582954587
2022-03-06,363957.10523507925
2022-03-07,515134.7048440438
2022-03-08,569776.5695032928
2022-03-09,584109.3114667981
2022-03-10,589989.3327712897
2022-03-11,607665.9028445637
2022-03-12,547279.3919906142
2022-03-13,578668.9660293058
2022-03-14,381989.2724169872
2022-03-15,271149.1509538034
2022-03-16,477173.38668217923
2022-03-17,302001.4287642927
2022-03-18,557774.8300746479
2022-03-19,628560.7870702563
2022-03-20,613431.6083110535
2022-03-21,678552.553212429
2022-03-22,706119.7153803437
2022-03-23,717205.2612550199
2022-03-24,722091.0431310429
2022-03-25,721440.1531432094
2022-03-26,679439.4890984367
2022-03-27,630106.1396945595
2022-03-28,696897.6386480959
2022-03-29,517213.3674719403
2022-03-30,367831.4854248589
2022-03-31,279846.35379315494
2022-04-01,274950.5898595617
2022-04-02,418871.55687722616
2022-04-03,605404.047007203
2022-04-04,423797.43640633876
2022-04-05,206203.45952918896
2022-04-06,322693.7934279786
2022-04-07,370887.30753573315
2022-04-08,361670.33369901753
2022-04-09,699284.2641194528
2022-04-10,732039.5835794401
2022-04-11,834365.6035919104
2022-04-12,819373.6971364069
2022-04-13,736239.0912021884
2022-04-14,644176.6584267601
2022-04-15,519868.0751315141
2022-04-16,804059.6801029961
2022-04-17,929744.8762753601
2022-04-18,941389.2757506795
2022-04-19,881343.4850284521
2022-04-20,830581.8008236882
2022-04-21,624989.3300769819
2022-04-22,672186.6202690935
2022-04-23,705424.8089585606
2022-04-24,573543.6765067471
2022-04-25,625073.4947594844
2022-04-26,609457.272291334
2022-04-27,735387.8363296377
2022-04-28,913753.7389250736
2022-04-29,828075.0747230008
2022-04-30,647883.6849043671
2022-05-01,577878.7183877698
2022-05-02,800535.0061054565
2022-05-03,843041.5613146977
2022-05-04,779779.6096637555
2022-05-05,716195.4239896043
2022-05-06,730391.7966233809
2022-05-07,819675.4427193085
2022-05-08,916007.9553331068
2022-05-09,977665.362129961
2022-05-10,753555.11097582
2022-05-11,933600.2432474806
2022-05-12,829277.9178858089
2022-05-13,794219.1410462948
2022-05-14,982536.2342040907
2022-05-15,1086517.0035378619
2022-05-16,772882.8424157401
2022-05-17,745493.5646182188
2022-05-18,1002451.4220334162
2022-05-19,863427.5320290448
2022-05-20,773787.6107744654
2022-05-21,795914.3797705527
2022-05-22,884210.3451609203
2022-05-23,742415.6099204266
2022-05-24,709714.6508360212
2022-05-25,835251.8319129975
2022-05-26,645210.726758646
2022-05-27,687495.9471903768
2022-05-28,895925.1293638967
2022-05-29,798983.1562977942
2022-05-30,842811.0746214897
2022-05-31,948806.783713661
2022-01-01,93707.16433886008
2022-01-02,88075.69875569445
2022-01-03,84867.81460177786
2022-01-04,49621.43746186953
2022-01-05,110602.01782711
2022-01-06,150113.83406887125
2022-01-07,97418.62836451277
2022-01-08,117635.90188514476
2022-01-09,85044.50807056158
2022-01-10,110578.99835232577
2022-01-11,130749.77891107056
2022-01-12,108421.45176565067
2022-01-13,142224.57678346956
2022-01-14,142935.90192891812
2022-01-15,135442.5813271907
2022-01-16,94562.93388381286
2022-01-17,63569.286937402234
2022-01-18,95957.68563348777
2022-01-19,146153.69162463382
2022-01-20,165021.85739938603
2022-01-21,138104.96587717388
2022-01-22,65158.679596248905
2022-01-23,94271.07864234498
2022-01-24,167951.4617752606
2022-01-25,137580.87978632623
2022-01-26,116210.0209299855
2022-01-27,102586.01375003801
2022-01-28,193078.6968528976
2022-01-29,70646.61255540042
2022-01-30,192778.73003274915
2022-01-31,107556.01572889724
2022-02-01,79371.44550195998
2022-02-02,179569.78359640075
2022-02-03,92258.83457261576
2022-02-04,109946.34865412733
2022-02-05,225725.6068081482
2022-02-06,76995.4842415038
2022-02-07,245255.39176945304
2022-02-08,75012.56076397558
2022-02-09,185962.63661823294
2022-02-10,159545.32439155396
2022-02-11,238781.42592600398
2022-02-12,342848.9771356718
2022-02-13,359305.3994294764
2022-02-14,251268.5519688182
2022-02-15,237760.78450908375
2022-02-16,77178.36851400316
2022-02-17,270040.9681970381
2022-02-18,121695.37784494855
2022-02-19,326730.39611158316
2022-02-20,112933.18779938253
2022-02-21,258777.79018901743
2022-02-22,233716.04988280215
2022-02-23,392785.89132276486
2022-02-24,264125.1428869151
2022-02-25,334904.26603455056
2022-02-26,364031.1342050236
2022-02-27,470604.5578920047
2022-02-28,491248.2894927392
2022-03-01,472442.7177708456
2022-03-02,413016.4286535695
2022-03-03,501257.57915078505
2022-03-04,461255.1585461097
2022-03-05,455764.9045760701
2022-03-06,363957.0364652309
2022-03-07,515134.4898047368
2022-03-08,569776.4304332113
2022-03-09,584109.5477258728
2022-03-10,589989.3692735721
2022-03-11,607666.1027652222
2022-03-12,547279.3330444664
2022-03-13,578668.8727799144
2022-03-14,381988.9872666043
2022-03-15,271149.0274059622
2022-03-16,477173.10881419556
2022-03-17,302001.41033560847
2022-03-18,557774.914109892
2022-03-19,628560.6807196388
2022-03-20,613431.7736920838
2022-03-21,678552.5418462044
2022-03-22,706119.4612884516
2022-03-23,717205.3148366468
2022-03-24,722091.2389061454
2022-03-25,721440.4526016951
2022-03-26,679439.5198112716
2022-03-27,630106.0808714897
2022-03-28,696897.6391263468
2022-03-29,517213.67204143637
2022-03-30,367831.4283245806
2022-03-31,279846.2393021552
2022-04-01,274950.1264267596
2022-04-02,418871.7220107385
2022-04-03,605404.1929641077
2022-04-04,423797.34282990004
2022-04-05,206203.62652317566
2022-04-06,322693.678345168
2022-04-07,370887.26079682144
2022-04-08,361670.1253576614
2022-04-09,699284.0863808718
2022-04-10,732039.6089516118
2022-04-11,834365.6284834422
2022-04-12,819373.6277445233
2022-04-13,736239.5169192307
2022-04-14,644176.4938841232
2022-04-15,519868.1005445603
2022-04-16,804059.7640663498
2022-04-17,929744.8653521608
2022-04-18,941389.3438171674
2022-04-19,881343.6551748179
2022-04-20,830581.6398606737
2022-04-21,624989.0631533443
2022-04-22,672186.7824358965
2022-04-23,705424.9811887201
2022-04-24,573543.897149922
2022-04-25,625073.6272243337
2022-04-26,609457.1644722896
2022-04-27,735388.2148325644
2022-04-28,913753.8197515587
2022-04-29,828074.8098674236
2022-04-30,647883.7434013005
2022-05-01,577878.680488425
2022-05-02,800534.9672662555
2022-05-03,843041.4799195192
2022-05-04,779779.9213932754
2022-05-05,716195.661242188
2022-05-06,730391.5170733636
2022-05-07,819675.2591405677
2022-05-08,916007.841801994
2022-05-09,977665.4204905842
2022-05-10,753554.9433540959
2022-05-11,933600.0318665792
2022-05-12,829278.0187424441
2022-05-13,794219.0741998727
2022-05-14,982536.1177576748
2022-05-15,1086516.7836361043
2022-05-16,772882.7568381038
2022-05-17,745493.6991270309
2022-05-18,1002451.4425299726
2022-05-19,863427.5508186863
2022-05-20,773788.0707487148
2022-05-21,795914.434113766
2022-05-22,884210.2910954388
2022-05-23,742415.7691506678
2022-05-24,709714.638714028
2022-05-25,835251.7290429281
2022-05-26,645210.7191916003
2022-05-27,687495.6377445522
2022-05-28,895925.1644938899
2022-05-29,798983.1563192117
2022-05-30,842810.9608298874
2022-05-31,948806.9080919995
2022-06-01,913964.3205865183
2022-06-02,957733.9007782388
2022-06-03,958915.2406876188
2022-06-04,905196.512434468
2022-06-05,636016.759940576
2022-06-06,797037.8290229067
2022-06-07,734505.9956660854
2022-06-08,702134.8851876967
2022-06-09,750203.1665421241
2022-06-10,818313.5189589161
2022-06-11,865262.5086889766
2022-06-12,1037967.2519430375
2022-06-13,947294.1182632757
2022-06-14,1019255.2722549922
2022-06-15,1162388.8641714929
2022-06-16,1072401.4431047586
2022-06-17,1028307.9737146908
2022-06-18,1131217.9110639056
2022-06-19,927545.8542713925
2022-06-20,795373.2927948419
2022-06-21,1077192.1908026475
2022-06-22,957598.2946615951
2022-06-23,1086410.54242631
2022-06-24,750696.5504514369
2022-06-25,868050.9747054172
2022-06-26,864551.0843139403
2022-06-27,718024.0631237178
2022-06-28,951388.3096197596
2022-06-29,738692.7038098602
2022-06-30,953005.8513360481
2022-07-01,565740.4892152732
2022-07-02,1093214.1281751853
2022-07-03,1022499.723926412
2022-07-04,972759.9020476124
2022-07-05,871237.7780198836
2022-07-06,800191.5307739158
2022-07-07,421919.38876671373
2022-07-08,753103.8172431099
2022-07-09,723452.709053476
2022-07-10,632193.8958047074
2022-07-11,652166.1345470448
2022-07-12,1024819.3207273901
2022-07-13,843252.7500026672
2022-07-14,911610.8855162952
2022-07-15,803956.7245694011
2022-07-16,983280.7754239525
2022-07-17,1108487.1354229993
2022-07-18,1068121.3675938414
2022-07-19,1156548.5398749216
2022-07-20,1025566.8000391218
2022-07-21,700671.1516957319
2022-07-22,827944.261631319
2022-07-23,851293.9765816475
2022-07-24,1008625.1792851818
2022-07-25,875496.6160349232
2022-07-26,731861.6185496676
2022-07-27,714712.3722325041
2022-07-28,896347.9488172849
2022-07-29,811431.6606869859
2022-07-30,818746.6703650429
2022-07-31,646651.2270316614
2022-08-01,727613.0422751241
2022-08-02,916517.6421803049
2022-08-03,989078.7718684092
2022-08-04,896364.9971972076
2022-08-05,619978.1853929601
2022-08-06,829592.3622892007
2022-08-07,909054.0232487152
2022-08-08,893355.1113748226
2022-08-09,939050.5310778947
2022-08-10,973867.439769508
2022-08-11,1013034.4426944539
2022-08-12,930687.8449205566
2022-08-13,846752.0183588248
2022-08-14,857312.8548890585
2022-08-15,664295.8713126297
2022-08-16,797256.7780423928
2022-08-17,685491.4062719392
2022-08-18,568654.946214711
2022-08-19,486836.4549927008
2022-08-20,513058.997845928
2022-08-21,775534.8183140452
2022-08-22,698889.0258971507
2022-08-23,774439.1878663722
2022-08-24,799443.5498153617
2022-08-25,748113.7960725605
2022-08-26,585171.3628358878
2022-08-27,359406.88875775976
2022-08-28,657675.9881706395
2022-08-29,644723.929174577
2022-08-30,641026.221435786
2022-08-31,509039.6376234012
2022-09-01,634643.1879905341
2022-09-02,734970.0214588693
2022-09-03,634451.4382359709
2022-09-04,650021.21673267
2022-09-05,682733.2397895759
2022-09-06,621808.6942245006
2022-09-07,570663.2254836423
2022-09-08,352186.4603721359
2022-09-09,532444.4502746378
2022-09-10,388826.5494346013
2022-09-11,457762.9658322513
2022-09-12,632985.5744046286
2022-09-13,466649.4718785204
2022-09-14,269290.92006357183
2022-09-15,355664.94385027204
2022-09-16,442628.24195194925
2022-09-17,479039.9669089375
2022-09-18,298795.7444857876
2022-09-19,423223.12015087815
2022-09-20,462106.3534803462
2022-09-21,526289.8745718371
2022-09-22,586455.617862549
2022-09-23,522315.35540511244
2022-09-24,327287.2599100483
2022-09-25,365977.08448757586
2022-09-26,344146.3727891552
2022-09-27,309245.52985649084
2022-09-28,318474.3762641145
2022-09-29,391360.46179674444
2022-09-30,459141.3284940832
2022-10-01,203915.90742722922
2022-10-02,245311.06950964584
2022-10-03,320764.18566998624
2022-10-04,462135.6075570539
2022-10-05,467719.19706139184
2022-10-06,446619.8140587248
2022-10-07,461159.3077626706
2022-10-08,351429.9425758535
2022-10-09,481502.88392002747
2022-10-10,438289.80323918123
2022-10-11,360225.08001894207
2022-10-12,370218.53443357116
2022-10-13,240349.54124666998
2022-10-14,179250.10211487013
2022-10-15,178354.61236057957
2022-10-16,304699.8519971269
2022-10-17,332926.74423812557
2022-10-18,254252.9786227959
2022-10-19,285284.657583364
2022-10-20,252649.7720407117
2022-10-21,169239.26904492383
2022-10-22,262819.2622522466
2022-10-23,273902.6023091869
2022-10-24,228217.3984623934
2022-10-25,272712.7215473882
2022-10-26,269784.083356735
2022-10-27,309701.9388651198
2022-10-28,291454.8442698421
2022-10-29,245836.6119473898
2022-10-30,316196.92424611974
2022-10-31,253234.17412184065
2022-11-01,232525.8517432209
2022-11-02,257258.31613442916
2022-11-03,213544.36461423527
2022-11-04,140628.80917813323
2022-11-05,218784.31389320464
2022-11-06,232360.03662155636
2022-11-07,174617.8117510658
2022-11-08,247405.42178441156
2022-11-09,182550.88910704074
2022-11-10,213070.21291294208
2022-11-11,206237.89030351434
2022-11-12,224425.6599230042
2022-11-13,248240.87384327536
2022-11-14,188572.01393876283
2022-11-15,176450.1931904957
2022-11-16,122021.17019933472
2022-11-17,106230.13199723091
2022-11-18,100493.95293056026
2022-11-19,145000.01541856228
2022-11-20,141786.02035305568
2022-11-21,143406.46867021327
2022-11-22,114198.58771238815
2022-11-23,189199.52453707217
2022-11-24,131829.76481549098
2022-11-25,128472.48677919111
2022-11-26,119036.82895705126
2022-11-27,133356.47285963464
2022-11-28,65867.20784801691
2022-11-29,52892.01322391268
2022-11-30,69332.03251882324
2022-12-01,70276.90827686462
2022-12-02,61678.160660092275
2022-12-03,96056.96517902566
2022-12-04,84125.11211150466
2022-12-05,53489.35903602621
2022-12-06,65063.22205304655
2022-12-07,113790.92278876422
2022-12-08,99256.47011179652
2022-12-09,97947.80339089922
2022-12-10,91952.64370257028
2022-12-11,102869.15452393779
2022-12-12,129942.39372416034
2022-12-13,158272.3504443964
2022-12-14,98683.97440513464
2022-12-15,142607.30586501854
2022-12-16,119272.29013420526
2022-12-17,137942.48136072324
2022-12-18,146223.74497554463
2022-12-19,58257.19878776634
2022-12-20,80326.30091219935
2022-12-21,45086.856487113946
2022-12-22,53662.49500388033
2022-12-23,33103.57503729474
2022-12-24,79087.0342877822
2022-12-25,92193.33609686654
2022-12-26,72511.9414266829
2022-12-27,130873.49211399577
2022-12-28,74297.72965955485
2022-12-29,107588.80224000105
2022-12-30,117504.59735894518
2022-12-31,83976.67607690152
2023-01-01,117035.22668286413
2023-01-02,91862.25662940902
2023-01-03,108142.41864522711
2023-01-04,38183.63242935269
2023-01-05,84373.93733701309
2023-01-06,77192.16014945006
2023-01-07,144775.86008338063
2023-01-08,86420.0716028519
2023-01-09,95229.8550079278
2023-01-10,105892.04407442489
2023-01-11,57043.72940141116
2023-01-12,46475.02976094619
2023-01-13,116979.1613827257
2023-01-14,71037.66051954559
2023-01-15,106437.76159882387
2023-01-16,122194.85774983611
2023-01-17,165801.8321720173
2023-01-18,153547.5903557453
2023-01-19,137309.09460090578
2023-01-20,144342.82455422217
2023-01-21,123217.80135007061
2023-01-22,97603.67467626456
2023-01-23,115724.70622338919
2023-01-24,156297.32584413767
2023-01-25,134235.79569646178
2023-01-26,90603.13010830771
2023-01-27,95661.34611418721
2023-01-28,148881.21121403982
2023-01-29,153105.66252191566
2023-01-30,133512.15793525553
2023-01-31,107858.56085703905
2023-02-01,152593.53641075687
2023-02-02,92638.98864003723
2023-02-03,77802.79969922168
2023-02-04,187403.03713903195
2023-02-05,136549.02365598534
2023-02-06,177528.63488038388
2023-02-07,321895.22539999447
2023-02-08,338039.29012398195
2023-02-09,326736.7592491257
2023-02-10,276972.69939901296
2023-02-11,148928.96853899106
2023-02-12,132037.8352978689
2023-02-13,275722.32904714363
2023-02-14,340816.2455782448
2023-02-15,363939.0799447904
2023-02-16,287011.4482494127
2023-02-17,92439.42562983664
2023-02-18,118047.93667476217
2023-02-19,199910.8508574322
2023-02-20,270745.46590628475
2023-02-21,256627.40405821975
2023-02-22,316173.0069083365
2023-02-23,198471.13623358254
2023-02-24,180821.78409024872
2023-02-25,384873.40058221045
