Gastag;SLPsyn H-Gas;SLPana H-Gas;SLPsyn L-Gas;SLPana L-Gas;RLMmT H-Gas;RLMmT L-Gas;RLMoT H-Gas;RLMoT L-Gas;Status
31.03.2023;668.502.840;156.483.624;128.146.512;52.921.008;;;;;vorläufig
30.03.2023;712.219.584;172.111.680;134.233.344;62.344.776;;;;;vorläufig
29.03.2023;933.632.304;198.458.496;170.979.192;66.950.880;1.227.488.712;161.327.112;75.438.367;1.081.102;vorläufig
28.03.2023;1.141.278.672;193.772.448;211.903.656;62.272.944;1.317.928.128;176.786.664;84.816.179;1.203.417;vorläufig
27.03.2023;1.066.034.592;169.628.592;203.221.392;54.796.488;1.256.008.560;179.430.984;85.454.946;1.187.835;vorläufig
26.03.2023;804.825.576;140.831.952;161.517.768;46.498.104;968.819.472;137.879.592;65.355.381;950.711;vorläufig
25.03.2023;640.542.410;129.063.281;127.828.848;45.376.907;846.759.168;117.347.748;52.594.091;918.115;vorläufig
24.03.2023;568.524.264;126.676.584;115.049.880;46.632.480;1.035.526.776;142.014.072;57.126.872;1.016.921;vorläufig
23.03.2023;590.481.864;137.653.080;117.639.144;50.607.480;1.058.631.264;151.089.864;59.189.029;1.221.032;vorläufig
22.03.2023;662.586.576;143.262.168;130.111.968;52.115.280;1.066.052.880;152.135.136;54.961.407;962.832;vorläufig
21.03.2023;726.934.152;142.904.400;137.927.616;46.948.128;1.188.820.728;157.725.984;68.105.697;1.133.133;vorläufig
20.03.2023;735.924.552;144.169.056;137.593.512;46.315.320;1.241.031.720;158.730.576;71.185.775;3.422.506;vorläufig
19.03.2023;693.046.608;151.277.832;126.840.864;51.883.728;958.521.144;123.951.552;65.720.069;1.160.278;vorläufig
18.03.2023;723.073.464;182.544.096;130.152.744;63.668.640;907.138.560;117.867.024;63.038.699;947.052;vorläufig
17.03.2023;893.432.592;208.669.896;161.988.624;72.476.376;1.125.852.360;146.928.120;75.559.030;1.403.487;vorläufig
16.03.2023;1.090.275.480;211.178.664;201.686.808;70.836.288;1.283.105.952;173.410.056;76.199.731;1.430.874;vorläufig
15.03.2023;1.109.889.096;195.882.960;207.560.040;61.957.176;1.462.153.200;185.057.088;95.191.653;1.607.400;vorläufig
14.03.2023;928.891.200;210.085.536;186.002.664;73.789.368;1.275.921.096;181.718.016;82.577.785;1.148.888;vorläufig
13.03.2023;878.191.632;219.778.848;175.489.800;75.364.920;1.135.685.112;159.043.440;64.246.922;1.081.678;vorläufig
12.03.2023;1.205.770.560;243.160.896;239.124.432;79.671.744;1.151.483.640;151.293.864;79.197.101;1.859.092;vorläufig
11.03.2023;1.242.444.504;244.221.360;253.851.816;80.824.896;1.255.271.400;156.825.072;97.556.368;2.033.070;vorläufig
10.03.2023;1.098.695.784;248.351.352;248.868.960;86.651.928;1.325.542.704;181.894.008;96.458.170;5.123.071;vorläufig
09.03.2023;1.178.192.640;252.384.912;256.250.880;89.767.848;1.513.168.848;187.372.104;100.857.308;5.582.039;vorläufig
08.03.2023;1.324.487.400;255.189.504;262.367.304;86.663.976;1.598.479.128;198.861.384;99.665.310;10.406.243;vorläufig
07.03.2023;1.343.853.408;249.384.216;254.607.984;83.002.224;1.485.404.712;197.284.560;100.361.645;5.783.609;vorläufig
06.03.2023;1.370.043.360;249.995.424;251.794.776;83.126.664;1.555.332.240;189.735.624;102.490.170;9.109.422;vorläufig
05.03.2023;1.329.253.656;254.944.512;245.882.616;86.232.024;1.328.722.128;154.715.928;98.016.356;4.319.456;vorläufig
04.03.2023;1.277.225.472;243.135.240;239.916.768;81.601.248;1.274.147.808;150.058.656;92.431.639;1.433.486;vorläufig
03.03.2023;1.340.734.632;253.363.152;252.935.592;87.886.992;1.506.617.424;181.184.544;98.858.589;8.586.213;vorläufig
02.03.2023;1.399.888.896;258.739.944;267.476.736;90.352.656;1.569.928.392;188.756.472;98.154.059;12.317.616;vorläufig
01.03.2023;1.487.760.720;270.304.800;276.224.688;91.026.072;1.584.010.704;203.798.352;89.257.644;8.591.562;vorläufig
28.02.2023;1.545.422.256;273.102.864;286.278.744;89.733.648;1.626.923.040;198.893.280;107.428.990;10.263.894;korrigiert
27.02.2023;1.531.217.928;260.105.280;284.466.912;84.750.576;1.649.196.456;196.716.432;106.949.308;10.790.051;korrigiert
26.02.2023;1.387.559.088;240.494.088;264.982.656;82.099.896;1.295.824.704;162.034.248;100.948.479;4.146.765;korrigiert
25.02.2023;1.206.553.104;214.329.432;239.832.144;68.313.960;1.196.951.136;152.563.080;96.830.595;1.671.565;korrigiert
24.02.2023;1.042.509.168;196.600.944;216.099.432;61.447.488;1.293.019.824;175.732.152;94.444.393;1.767.270;korrigiert
23.02.2023;911.200.536;183.587.280;185.133.696;64.950.744;1.379.790.792;170.747.304;90.099.084;7.898.224;korrigiert
22.02.2023;883.543.848;191.916.408;166.183.632;64.797.912;1.357.583.880;164.789.424;88.133.073;3.832.459;korrigiert
21.02.2023;890.096.376;191.453.712;170.432.880;61.147.488;1.352.824.224;171.106.200;75.647.431;1.139.219;korrigiert
20.02.2023;879.069.456;188.542.512;173.955.144;58.924.008;1.184.339.976;166.452.864;73.017.168;1.163.536;korrigiert
19.02.2023;884.381.952;190.584.456;175.471.992;58.037.664;1.060.319.400;140.602.536;81.378.129;929.843;korrigiert
18.02.2023;854.049.576;205.943.088;165.526.944;65.838.600;986.980.824;133.887.408;78.710.535;896.736;korrigiert
17.02.2023;958.029.072;217.878.360;170.199.480;66.532.224;1.095.328.368;152.883.984;71.790.070;978.018;korrigiert
16.02.2023;1.147.459.992;229.783.296;201.352.296;66.908.784;1.305.649.392;172.525.968;88.227.768;1.303.467;korrigiert
15.02.2023;1.204.117.584;228.348.168;207.640.104;64.803.768;1.491.268.704;176.618.064;103.104.635;2.714.713;korrigiert
14.02.2023;1.228.605.504;228.112.704;219.378.120;68.325.504;1.577.334.432;177.174.384;99.705.180;9.616.599;korrigiert
13.02.2023;1.193.677.416;239.545.392;213.649.008;76.052.352;1.556.874.816;173.655.240;99.319.525;10.399.372;korrigiert
12.02.2023;1.203.901.344;251.402.856;214.686.264;82.427.016;1.242.693.672;144.866.712;92.835.331;1.772.065;korrigiert
11.02.2023;1.334.163.744;277.256.784;234.065.760;90.870.816;1.196.229.144;146.458.848;101.663.722;1.264.170;korrigiert
10.02.2023;1.554.378.024;296.295.912;278.927.472;94.621.584;1.478.529.888;178.541.376;106.626.905;6.666.343;korrigiert
09.02.2023;1.659.491.640;302.210.904;307.099.872;95.598.576;1.664.489.376;197.310.864;122.261.290;9.855.051;korrigiert
08.02.2023;1.647.111.792;303.176.976;303.874.848;90.944.256;1.667.311.176;203.384.088;119.974.365;10.730.188;korrigiert
07.02.2023;1.595.594.208;293.557.464;290.779.080;86.640.024;1.778.486.064;206.441.184;119.709.912;12.603.683;korrigiert
06.02.2023;1.455.021.432;265.592.208;265.907.520;78.242.208;1.738.932.720;197.106.840;120.050.852;10.940.494;korrigiert
05.02.2023;1.295.577.192;256.385.544;234.376.968;75.321.696;1.287.869.256;155.268.744;111.708.632;1.770.321;korrigiert
04.02.2023;1.115.643.936;245.435.064;209.845.416;76.891.224;1.271.860.272;147.999.888;107.299.178;5.164.108;korrigiert
03.02.2023;1.086.395.496;248.391.336;206.696.376;81.646.848;1.329.376.560;168.078.360;98.679.504;1.031.050;korrigiert
02.02.2023;1.207.723.392;261.019.344;228.027.264;85.649.808;1.463.396.640;180.990.936;105.077.110;7.435.050;korrigiert
01.02.2023;1.286.582.352;265.585.848;240.763.704;89.810.304;1.435.496.760;186.265.080;100.792.211;4.814.758;korrigiert
31.01.2023;1.370.550.480;274.486.464;249.407.400;98.149.824;1.521.390.504;189.401.904;96.310.443;4.449.263;final
30.01.2023;1.445.072.904;279.613.728;257.721.840;93.621.024;1.526.394.144;187.959.264;95.203.727;6.373.732;final
29.01.2023;1.550.845.512;284.723.808;283.730.856;96.058.896;1.385.838.240;167.259.072;106.715.708;3.998.404;final
28.01.2023;1.561.377.600;297.841.752;298.757.496;102.591.144;1.473.862.176;169.032.216;113.513.172;7.105.007;final
27.01.2023;1.537.752.480;295.171.752;289.681.296;101.643.264;1.694.409.480;187.817.448;113.798.349;10.686.433;final
26.01.2023;1.532.501.352;285.492.840;289.245.120;98.998.584;1.777.661.928;203.504.856;115.987.210;11.223.148;final
25.01.2023;1.529.742.552;286.234.920;304.080.360;100.020.696;1.822.457.448;210.032.304;109.539.857;13.021.269;final
24.01.2023;1.527.265.176;288.672.984;299.288.400;100.014.336;1.759.101.552;204.232.056;104.806.315;12.132.217;final
23.01.2023;1.565.951.880;292.781.520;298.892.160;104.472.312;1.761.955.368;200.983.440;101.600.227;11.064.614;final
22.01.2023;1.586.074.056;289.514.808;304.877.616;102.292.440;1.428.863.472;172.191.792;100.995.103;7.032.048;final
21.01.2023;1.605.606.312;292.242.552;304.352.232;101.980.176;1.374.088.680;172.558.440;101.883.723;5.539.287;final
20.01.2023;1.611.402.432;286.202.976;303.760.464;98.627.568;1.643.975.424;194.899.272;107.806.041;7.332.066;final
19.01.2023;1.566.460.368;272.100.120;293.841.120;91.407.264;1.672.083.456;199.213.200;103.741.768;7.932.310;final
18.01.2023;1.519.692.264;259.324.152;296.186.520;86.000.928;1.620.565.440;200.665.416;97.911.019;7.591.154;final
17.01.2023;1.360.752.648;238.839.096;267.169.872;75.752.712;1.541.173.008;197.293.608;86.730.342;5.585.208;final
16.01.2023;1.187.047.488;212.777.952;232.763.304;68.899.392;1.356.646.776;184.168.272;83.560.811;4.199.342;final
15.01.2023;1.004.702.328;199.252.656;201.185.928;67.263.120;1.054.386.432;147.012.984;69.415.087;1.251.787;final
14.01.2023;918.132.192;193.999.992;182.584.608;63.719.112;998.549.136;138.374.856;65.177.183;937.047;final
13.01.2023;933.798.576;197.746.920;183.236.640;63.801.312;1.157.013.072;163.393.224;70.056.672;982.219;final
12.01.2023;939.457.728;207.390.480;178.696.872;66.430.440;1.147.423.464;164.572.488;65.909.239;927.435;final
11.01.2023;1.011.726.192;200.678.280;191.727.096;65.592.504;1.184.583.192;166.943.088;74.682.921;896.023;final
10.01.2023;1.075.666.272;195.309.336;202.964.520;57.657.336;1.219.676.064;174.436.488;78.141.568;1.035.624;final
09.01.2023;1.017.040.224;187.655.664;190.764.912;56.027.712;1.204.848.192;173.008.104;80.620.393;1.050.299;final
08.01.2023;907.274.736;181.903.920;165.802.584;54.127.656;933.885.888;135.295.752;69.399.431;854.887;final
07.01.2023;869.118.504;181.105.728;159.359.736;55.362.336;883.132.512;129.011.280;64.292.043;832.058;final
06.01.2023;845.274.528;185.367.672;163.117.752;56.931.912;983.951.544;151.305.168;72.450.955;961.241;final
05.01.2023;850.162.128;193.082.376;164.788.320;58.648.440;1.063.731.720;156.279.840;74.578.864;995.164;final
04.01.2023;865.515.576;171.914.184;162.324.456;52.888.104;1.012.913.568;157.413.024;61.391.298;926.605;final
03.01.2023;842.322.672;164.631.936;168.570.528;47.497.752;1.071.113.952;160.331.352;73.572.857;1.009.957;final
02.01.2023;675.053.088;147.381.336;138.026.136;46.378.728;942.691.872;145.363.560;57.756.873;953.548;final
01.01.2023;603.228.504;157.607.952;120.711.000;59.253.216;700.305.168;99.811.176;48.412.884;722.627;final
31.12.2022;641.037.216;157.013.256;127.898.976;59.041.152;665.039.136;93.912.648;48.927.147;567.973;final
30.12.2022;919.810.440;197.650.560;178.838.568;64.325.352;810.937.392;120.648.288;60.400.250;695.633;final
29.12.2022;955.144.704;198.978.240;182.392.656;70.671.744;837.771.744;122.360.088;60.936.931;691.815;final
28.12.2022;1.056.983.904;204.447.528;199.051.344;63.511.584;905.948.232;122.534.088;68.617.153;679.877;final
27.12.2022;1.108.437.576;190.314.504;217.066.584;59.388.144;952.992.840;130.389.624;71.262.235;702.217;final
26.12.2022;881.595.696;191.429.880;184.515.168;60.298.296;801.712.008;111.190.128;64.557.376;633.918;final
25.12.2022;877.553.616;190.078.704;177.521.496;61.014.648;765.874.728;101.226.600;67.808.129;600.717;final
24.12.2022;872.804.688;197.673.288;175.419.120;64.509.936;797.798.520;104.130.096;77.385.151;681.327;final
23.12.2022;909.479.568;212.439.384;184.092.504;67.576.704;941.372.688;125.809.968;81.771.370;3.263.384;final
22.12.2022;986.393.760;228.198.480;184.345.632;74.169.480;1.045.818.960;144.877.032;85.408.523;3.340.230;final
21.12.2022;1.158.285.816;271.332.192;203.825.568;94.257.384;1.157.113.608;154.579.392;86.735.521;3.643.405;final
20.12.2022;1.339.818.552;309.019.632;223.205.568;117.241.512;1.284.749.904;159.689.400;95.100.149;4.796.555;final
19.12.2022;1.626.178.392;336.288.384;281.282.304;122.305.344;1.418.148.360;180.317.208;105.662.076;4.278.929;final
18.12.2022;1.858.313.616;353.573.856;341.619.096;124.251.840;1.373.136.816;185.124.024;118.411.383;7.359.975;final
17.12.2022;1.866.105.960;358.602.480;349.389.168;125.499.936;1.494.880.464;188.350.968;120.145.936;10.087.154;final
16.12.2022;1.862.635.920;355.553.664;345.466.176;119.617.896;1.759.188.720;210.287.880;124.913.124;11.716.091;final
15.12.2022;1.833.500.328;345.971.424;345.954.432;114.594.192;1.806.852.696;220.126.224;128.006.363;12.787.781;final
14.12.2022;1.831.554.576;329.350.992;350.047.776;107.605.392;1.822.245.240;218.444.352;130.302.016;12.793.258;final
13.12.2022;1.834.512.240;323.010.144;342.228.720;100.848.528;1.819.812.288;215.435.472;126.835.255;11.127.820;final
12.12.2022;1.780.831.152;306.309.744;326.860.896;99.020.352;1.803.696.240;209.253.840;116.819.752;10.938.531;final
11.12.2022;1.670.651.232;292.330.848;311.350.248;96.553.320;1.510.297.248;173.790.696;111.834.716;8.939.581;final
10.12.2022;1.568.722.032;280.349.568;296.250.264;90.899.808;1.465.733.304;168.913.752;110.171.300;7.268.756;final
09.12.2022;1.531.765.440;267.960.792;287.412.024;87.132.024;1.632.780.504;189.908.616;110.598.183;8.904.196;final
08.12.2022;1.459.357.896;255.556.296;270.632.808;87.599.160;1.657.757.424;189.463.176;109.085.385;9.394.896;final
07.12.2022;1.407.776.280;264.101.640;261.237.600;92.964.432;1.570.768.632;188.376.960;110.778.835;7.428.702;final
06.12.2022;1.394.116.824;257.958.432;262.291.752;89.401.128;1.597.466.496;188.097.576;103.533.685;8.431.091;final
05.12.2022;1.411.456.992;259.247.424;269.155.128;86.738.208;1.589.666.328;191.747.904;110.274.088;9.170.729;final
04.12.2022;1.430.200.128;259.461.408;279.710.784;83.177.904;1.267.735.080;159.600.888;110.518.871;3.490.485;final
03.12.2022;1.429.030.272;253.235.208;275.705.160;77.614.296;1.336.885.800;159.572.832;118.121.942;5.110.045;final
02.12.2022;1.351.715.064;240.989.880;256.332.816;71.538.672;1.490.952.816;187.775.880;109.473.530;7.676.198;final
01.12.2022;1.247.337.768;228.691.320;236.892.000;66.204.120;1.621.435.632;189.117.816;113.146.427;8.961.580;final
30.11.2022;1.162.137.744;218.941.008;213.568.440;67.277.496;1.578.845.544;184.248.744;100.137.178;7.984.023;final
29.11.2022;1.144.021.344;221.149.464;201.109.104;66.264.048;1.548.964.512;177.108.240;95.280.064;8.593.335;final
28.11.2022;1.158.688.728;218.989.272;204.898.104;64.115.928;1.442.946.792;175.559.592;88.597.586;7.063.628;final
27.11.2022;1.134.037.296;209.926.584;199.587.096;61.630.416;1.035.709.200;141.562.416;74.431.482;749.371;final
26.11.2022;1.049.840.760;210.702.456;186.650.016;61.726.608;1.054.556.304;139.536.456;72.903.466;793.253;final
25.11.2022;1.061.566.440;210.138.504;183.229.680;63.354.336;1.271.365.368;160.675.968;76.602.983;793.838;final
24.11.2022;1.063.691.856;219.502.920;189.673.104;67.013.304;1.312.451.592;167.053.080;79.536.372;788.303;final
23.11.2022;1.137.625.752;233.091.360;212.069.664;71.201.976;1.261.899.576;165.138.576;81.562.852;764.465;final
22.11.2022;1.276.673.712;246.069.360;247.241.664;74.589.408;1.307.734.080;174.032.304;91.283.022;3.984.349;final
21.11.2022;1.330.185.000;247.618.104;268.664.952;72.850.560;1.370.420.328;176.756.472;93.918.459;6.351.183;final
20.11.2022;1.327.755.816;238.446.528;268.061.544;59.489.256;1.109.806.104;149.605.824;85.050.824;891.524;final
19.11.2022;1.227.193.320;220.365.600;245.654.664;54.925.944;1.128.699.696;149.977.872;84.735.003;4.946.543;final
18.11.2022;1.007.996.688;195.294.696;196.899.408;46.461.048;1.238.738.736;161.890.608;88.578.378;4.933.554;final
17.11.2022;854.923.656;167.245.392;157.380.648;45.003.024;1.154.508.480;159.697.152;76.415.084;2.692.828;final
16.11.2022;843.342.120;166.481.568;150.674.040;53.789.880;1.138.313.376;157.666.800;68.606.594;833.603;final
15.11.2022;851.879.856;155.183.712;154.063.776;48.020.400;1.135.902.432;154.070.856;63.552.711;803.778;final
14.11.2022;923.502.600;152.842.176;171.334.536;45.799.032;1.229.151.264;164.940.672;74.498.763;864.214;final
13.11.2022;895.268.280;146.835.816;156.805.536;43.279.296;967.974.456;135.633.960;73.699.642;2.369.417;final
12.11.2022;815.392.704;131.550.768;141.918.984;39.949.896;951.804.312;133.078.656;64.679.335;5.518.890;final
11.11.2022;731.901.456;117.659.328;120.979.392;37.116.168;1.041.627.696;155.224.128;69.505.439;3.305.368;final
10.11.2022;650.580.456;115.663.440;110.780.904;37.430.880;1.021.360.416;158.226.720;58.225.627;765.324;final
09.11.2022;603.999.984;122.967.312;103.379.208;39.635.136;1.018.524.000;155.394.072;55.173.987;783.636;final
08.11.2022;640.134.744;128.265.024;106.176.888;41.267.568;1.020.884.976;150.205.632;56.677.048;770.722;final
07.11.2022;719.948.736;132.943.680;122.753.640;42.549.960;1.022.854.152;150.083.160;55.066.420;1.624.607;final
06.11.2022;827.504.616;132.787.008;141.143.880;39.236.832;884.337.792;130.183.536;51.392.491;2.119.538;final
05.11.2022;789.545.592;122.653.656;135.749.016;36.370.032;911.381.616;128.905.488;53.849.588;2.162.432;final
04.11.2022;692.847.720;107.202.696;118.724.472;31.365.648;1.118.366.496;152.682.408;58.454.918;2.018.032;final
03.11.2022;621.136.800;92.108.856;103.984.800;25.074.576;1.100.119.632;153.550.608;58.420.948;2.890.303;final
02.11.2022;561.706.776;83.489.376;97.182.216;22.968.144;1.053.921.552;150.249.240;61.053.118;4.753.926;final
01.11.2022;441.624.888;72.265.968;78.789.480;20.102.784;866.807.664;124.882.320;50.115.174;4.915.432;final
31.10.2022;396.200.616;71.217.168;73.527.072;18.377.664;957.478.488;115.785.240;52.981.216;5.723.714;final
30.10.2022;341.731.656;66.764.280;65.227.032;17.747.280;859.685.856;106.952.424;50.542.767;5.611.884;final
29.10.2022;341.222.325;73.937.150;64.863.250;22.195.625;847.786.300;112.937.000;49.599.930;5.926.551;final
28.10.2022;349.116.888;77.077.392;63.974.664;24.320.376;934.393.488;129.813.288;47.128.285;9.945.502;final
27.10.2022;412.346.712;84.535.896;78.209.616;27.088.536;999.884.184;140.612.088;53.158.172;10.162.599;final
26.10.2022;439.779.672;85.998.720;84.596.328;25.719.024;1.105.990.152;146.950.008;59.727.424;10.513.405;final
25.10.2022;420.737.136;86.085.768;84.541.368;26.842.896;1.146.211.776;148.986.984;57.968.790;8.559.890;final
24.10.2022;374.285.712;77.182.704;74.429.376;26.545.008;999.845.736;143.227.320;47.209.484;4.796.183;final
23.10.2022;401.768.568;83.872.656;79.687.224;27.662.952;806.787.144;117.698.640;47.342.636;4.618.656;final
22.10.2022;418.338.648;90.224.424;81.271.512;31.885.968;884.086.488;121.162.152;51.878.522;2.250.885;final
21.10.2022;448.938.216;87.720.648;88.862.016;30.461.352;1.112.565.528;137.399.808;62.317.876;11.023.289;final
20.10.2022;518.651.880;86.933.880;103.467.408;25.104.312;1.057.656.168;153.577.944;63.627.694;2.766.420;final
19.10.2022;461.135.904;82.726.896;96.076.224;22.750.464;1.169.404.152;153.475.968;57.316.729;6.445.712;final
18.10.2022;345.100.872;75.687.576;73.318.752;24.246.840;1.123.386.552;140.701.464;55.047.775;9.255.728;final
17.10.2022;323.059.776;75.457.944;67.078.944;25.073.040;1.027.677.624;133.175.688;53.779.123;3.289.173;final
16.10.2022;372.596.136;83.641.440;79.294.992;29.228.160;755.601.552;111.361.728;48.775.084;2.235.199;final
15.10.2022;409.356.888;91.646.688;83.272.896;32.085.504;732.994.800;115.909.152;50.772.775;2.248.898;final
14.10.2022;503.574.168;97.316.064;100.082.424;35.622.312;1.054.780.584;138.842.232;55.111.433;8.503.665;final
13.10.2022;573.378.912;99.340.560;116.937.936;35.468.688;1.148.767.920;144.674.376;56.836.601;13.120.123;final
12.10.2022;590.522.304;100.787.520;120.550.752;30.798.480;1.137.235.200;151.238.352;57.434.399;7.072.557;final
11.10.2022;572.422.272;96.298.176;115.135.728;32.587.152;1.140.260.064;151.076.520;56.543.290;6.140.198;final
10.10.2022;536.717.472;91.038.576;105.985.968;29.636.112;947.117.712;147.517.176;52.862.346;2.403.929;final
09.10.2022;553.880.496;86.205.528;104.940.024;28.607.784;767.419.896;125.756.952;50.320.593;2.297.828;final
08.10.2022;483.022.296;84.009.480;94.266.024;26.695.992;757.654.008;124.447.248;50.176.379;3.432.665;final
07.10.2022;445.426.224;84.118.176;83.600.736;25.295.928;864.587.928;141.473.544;51.616.125;2.410.248;final
06.10.2022;412.871.256;86.435.376;74.127.552;28.564.944;896.516.424;145.118.784;49.233.817;2.312.002;final
05.10.2022;415.538.160;90.117.432;70.158.912;29.066.448;854.555.496;140.203.008;47.024.366;2.231.146;final
04.10.2022;514.980.048;95.582.616;87.219.408;28.703.184;923.414.496;141.191.712;51.000.328;2.473.919;final
03.10.2022;507.929.016;98.423.664;90.642.432;31.127.232;790.006.344;115.176.528;44.009.962;1.051.930;final
02.10.2022;499.360.896;98.489.640;90.032.544;33.324.648;712.480.440;111.970.032;39.702.426;844.954;final
01.10.2022;574.196.832;110.035.824;97.994.328;35.952.552;738.659.304;120.737.568;47.345.887;848.302;final
30.09.2022;670.173.552;109.296.456;124.468.920;37.924.944;938.707.608;145.604.928;53.552.566;3.080.683;final
29.09.2022;710.622.288;105.420.672;136.431.072;35.882.544;1.104.867.864;151.164.432;67.818.213;5.777.721;final
28.09.2022;673.666.344;97.018.392;129.182.832;32.250.672;1.106.904.840;151.960.296;66.188.062;3.920.112;final
27.09.2022;599.219.904;88.296.696;115.877.400;26.705.856;1.038.833.976;151.780.752;58.443.149;1.040.440;final
26.09.2022;521.804.544;82.899.912;98.854.464;25.329.624;919.003.800;144.261.120;50.021.188;1.108.257;final
25.09.2022;471.686.544;79.504.848;86.595.432;24.631.176;762.757.368;116.908.032;52.818.889;2.366.133;final
24.09.2022;464.019.960;82.848.048;82.725.624;25.528.560;751.223.016;116.916.936;55.728.468;2.343.552;final
23.09.2022;509.801.184;84.314.424;88.061.112;26.499.360;1.005.774.936;139.176.096;60.557.861;6.095.986;final
22.09.2022;558.169.440;84.296.400;97.781.928;25.799.640;1.046.703.216;146.277.240;58.516.726;5.148.972;final
21.09.2022;566.572.464;84.490.200;98.921.904;24.552.288;1.100.150.088;145.158.816;58.918.731;4.830.658;final
20.09.2022;564.642.744;79.558.224;98.628.864;23.751.384;1.105.660.224;144.924.480;58.946.255;5.962.615;final
19.09.2022;549.000.048;64.317.192;97.322.448;18.389.376;927.851.496;141.317.832;55.507.358;1.187.039;final
18.09.2022;522.664.752;57.224.328;94.689.480;16.905.432;726.318.144;117.444.672;44.632.406;908.524;final
17.09.2022;440.055.624;46.980.840;82.398.744;15.000.696;702.244.416;108.895.416;42.736.207;884.666;final
16.09.2022;340.592.688;44.549.976;69.295.656;13.009.560;818.034.840;130.596.648;45.562.008;2.632.680;final
15.09.2022;256.010.496;40.650.864;53.977.344;10.556.592;847.233.576;130.937.856;47.420.861;6.427.908;final
14.09.2022;223.620.912;39.656.928;46.327.344;10.812.408;945.728.232;130.916.448;52.793.211;10.609.857;final
13.09.2022;224.190.192;38.750.952;42.129.768;10.832.760;913.442.544;128.344.872;53.300.675;8.786.386;final
12.09.2022;245.493.696;38.446.680;44.166.168;10.382.616;909.542.256;127.876.464;51.176.006;9.605.285;final
11.09.2022;251.189.112;37.534.776;45.805.896;9.710.976;728.987.688;106.263.216;50.766.914;2.462.050;final
10.09.2022;241.532.688;36.616.128;44.841.288;9.405.192;695.254.944;102.753.768;49.268.697;2.093.396;final
09.09.2022;208.976.568;33.408.624;40.044.840;8.800.680;811.827.384;123.037.512;46.663.567;5.383.612;final
08.09.2022;183.768.312;32.372.592;34.436.160;8.402.496;861.697.632;128.872.368;43.799.995;6.733.108;final
07.09.2022;155.656.992;31.563.360;28.595.280;8.182.440;918.913.632;126.013.704;43.142.146;8.321.001;final
06.09.2022;156.817.248;32.486.952;28.122.072;8.798.952;858.405.600;122.288.424;41.616.183;8.894.093;final
05.09.2022;162.283.560;32.026.896;28.506.864;8.773.848;806.043.024;121.203.816;34.301.982;7.846.073;final
04.09.2022;177.125.592;33.345.720;30.114.408;8.820.552;644.698.584;99.245.136;33.601.797;1.809.701;final
03.09.2022;197.143.392;34.139.304;33.281.808;9.199.560;613.770.600;96.362.304;32.686.473;1.674.829;final
02.09.2022;194.580.048;33.849.456;33.393.192;9.134.376;799.603.488;116.346.912;33.478.400;5.604.100;final
01.09.2022;191.563.848;33.178.080;34.485.936;8.915.904;953.438.304;121.632.000;35.593.441;9.697.382;final
31.08.2022;180.714.192;33.542.640;36.186.240;9.165.600;964.105.872;126.244.416;35.311.583;9.624.853;final
30.08.2022;171.152.016;33.872.616;35.428.704;9.196.968;917.813.136;123.906.192;33.813.881;10.711.848;final
29.08.2022;171.621.000;32.040.048;36.667.296;8.724.672;919.237.584;123.912.216;32.910.851;9.703.184;final
28.08.2022;156.712.560;29.323.896;32.483.832;8.072.688;640.162.104;101.578.368;31.026.345;6.749.475;final
27.08.2022;138.235.464;28.029.144;27.321.000;7.738.536;692.111.928;98.520.384;32.596.772;9.767.442;final
26.08.2022;126.495.384;27.994.392;24.472.296;7.776.576;922.301.352;121.443.264;33.565.346;11.027.947;final
25.08.2022;126.575.520;28.127.544;23.895.240;7.895.952;931.750.440;123.082.944;32.594.011;4.265.933;final
24.08.2022;135.069.984;28.603.464;25.080.912;8.151.744;961.946.784;123.344.592;32.594.067;5.307.062;final
23.08.2022;145.985.952;28.762.824;27.508.320;8.554.464;953.451.264;125.668.992;32.904.543;1.020.834;final
22.08.2022;154.096.848;28.914.216;29.678.400;8.159.232;970.282.824;124.169.232;32.552.858;740.123;final
21.08.2022;150.398.136;27.686.688;29.799.000;8.074.776;722.367.768;101.878.248;31.280.213;703.796;final
20.08.2022;143.793.192;26.943.192;28.735.056;8.488.608;631.849.176;100.812.744;32.778.493;810.000;final
19.08.2022;133.637.304;26.609.280;27.148.896;8.087.160;897.381.840;121.139.040;32.997.831;782.230;final
18.08.2022;127.383.696;25.936.656;26.304.960;7.855.200;965.287.248;128.651.880;33.790.574;6.846.065;final
17.08.2022;121.255.656;25.703.904;24.656.904;7.845.528;973.413.528;123.588.432;32.891.098;8.406.192;final
16.08.2022;120.614.112;25.837.320;23.347.632;7.578.792;942.332.256;125.638.632;33.140.988;6.555.610;final
15.08.2022;121.907.712;26.685.792;23.246.352;7.855.656;843.779.904;123.050.064;33.245.824;2.367.169;final
14.08.2022;117.693.336;26.625.240;22.495.128;7.782.504;603.253.032;99.014.568;28.622.610;706.583;final
13.08.2022;119.575.968;27.279.984;22.768.512;8.008.608;632.013.504;97.259.328;31.580.704;729.328;final
12.08.2022;126.465.480;28.583.256;24.434.280;8.391.840;778.126.080;122.214.264;32.064.452;753.469;final
11.08.2022;129.668.136;29.293.584;25.830.240;8.663.160;818.580.360;126.734.160;32.395.996;2.864.567;final
10.08.2022;137.983.464;30.210.816;28.127.424;8.753.256;794.818.992;125.586.600;31.764.622;756.520;final
09.08.2022;148.399.440;29.900.952;31.073.832;9.237.168;781.613.208;124.118.832;30.673.552;2.166.891;final
08.08.2022;159.780.360;30.242.688;34.377.384;9.132.960;773.384.280;122.727.888;31.945.838;1.301.576;final
07.08.2022;155.215.272;28.526.520;34.483.464;8.731.104;636.816.648;99.754.248;28.545.881;773.235;final
06.08.2022;140.486.928;27.491.856;31.352.496;8.123.304;629.672.256;98.891.208;30.153.710;928.606;final
05.08.2022;119.493.864;27.386.976;26.353.464;7.935.192;763.474.440;116.263.560;30.590.251;947.814;final
04.08.2022;111.033.768;27.747.720;23.031.744;8.285.112;862.475.208;112.631.736;30.511.082;4.187.011;final
03.08.2022;119.750.808;28.444.296;24.259.056;8.725.656;844.908.864;112.312.584;30.736.979;4.014.680;final
02.08.2022;135.199.896;29.120.544;27.761.448;8.487.000;818.573.304;115.465.320;31.449.155;839.481;final
01.08.2022;141.471.024;30.045.792;30.309.120;8.594.256;876.869.136;114.498.624;32.941.932;3.790.487;final
31.07.2022;139.396.824;30.456.384;29.903.544;8.941.968;649.181.328;98.351.376;30.467.069;1.902.218;final
30.07.2022;147.813.504;31.735.776;30.920.328;9.244.584;647.552.016;99.312.168;33.572.074;1.600.173;final
29.07.2022;156.543.720;31.782.240;33.935.880;9.611.472;858.154.512;116.094.480;33.793.919;881.427;final
28.07.2022;161.457.000;31.272.552;35.707.104;8.985.720;894.924.360;120.284.112;33.320.730;3.059.763;final
27.07.2022;157.140.816;30.287.448;35.304.120;8.313.192;933.576.816;121.195.392;34.526.677;3.902.812;final
26.07.2022;136.239.456;28.644.888;30.327.504;8.315.592;954.507.888;118.172.856;34.526.115;4.474.647;final
25.07.2022;122.155.776;28.328.544;27.180.360;9.137.352;817.688.928;115.097.304;33.302.160;767.875;final
24.07.2022;129.110.208;29.483.880;28.527.624;9.272.424;707.388.936;96.471.144;30.860.563;745.891;final
23.07.2022;133.660.824;30.250.296;30.070.344;8.734.824;735.216.312;98.450.160;33.612.719;2.480.231;final
22.07.2022;124.532.976;28.489.176;28.252.896;7.883.472;969.965.112;115.980.288;33.969.230;6.739.607;final
21.07.2022;117.129.216;28.433.520;25.826.184;7.895.568;1.023.281.328;117.996.936;34.280.796;11.665.840;final
20.07.2022;109.414.296;28.337.760;21.906.840;8.590.824;931.152.672;116.308.488;33.814.137;7.729.123;final
19.07.2022;117.299.424;30.992.448;23.010.024;9.260.736;929.205.120;117.862.320;38.547.280;6.173.662;final
18.07.2022;140.327.832;33.969.360;29.213.976;9.865.656;998.520.000;121.410.048;35.551.270;5.723.299;final
17.07.2022;166.699.320;35.509.944;35.367.072;9.921.360;738.650.040;107.450.016;33.773.991;3.584.514;final
16.07.2022;170.658.600;34.060.080;38.786.280;9.607.032;670.538.304;107.779.632;34.050.511;3.123.577;final
15.07.2022;162.656.472;35.233.224;36.072.432;9.240.936;869.998.032;128.108.712;35.849.397;4.722.797;final
14.07.2022;145.043.136;35.025.720;31.744.824;9.720.648;901.351.824;131.730.360;32.787.907;932.393;final
13.07.2022;143.723.544;35.716.800;29.246.784;10.495.368;943.097.760;131.820.552;31.440.452;3.197.348;final
12.07.2022;167.042.280;38.332.968;32.653.392;10.872.408;974.379.816;132.041.280;32.919.907;10.354.796;final
11.07.2022;201.885.192;38.274.792;41.740.896;9.890.400;1.007.428.752;134.755.704;34.092.379;11.853.321;final
10.07.2022;212.152.536;40.390.344;44.163.936;10.516.032;722.796.960;114.291.408;30.854.994;5.488.509;final
09.07.2022;196.101.408;39.143.664;41.890.872;11.052.408;695.823.576;112.123.800;29.559.975;4.907.692;final
08.07.2022;204.132.312;36.857.232;42.546.984;10.594.272;846.862.392;137.251.848;34.666.601;7.100.832;final
07.07.2022;202.145.568;35.351.640;45.012.912;9.733.272;886.148.208;142.351.344;35.058.319;5.814.938;final
06.07.2022;182.634.336;33.107.160;41.138.928;9.599.496;892.062.384;138.724.272;38.251.104;7.432.778;final
05.07.2022;163.331.328;32.188.320;37.509.792;9.150.384;923.801.976;138.328.272;31.956.949;8.518.626;final
04.07.2022;158.623.440;33.528.624;34.759.968;9.410.352;915.107.520;133.874.928;33.180.742;8.739.251;final
03.07.2022;148.894.584;34.358.544;32.740.176;10.032.288;718.633.704;109.308.696;28.985.420;5.605.609;final
02.07.2022;158.062.056;33.218.592;32.780.664;9.302.760;714.679.368;110.911.512;30.402.192;5.613.665;final
01.07.2022;163.849.896;33.588.816;33.610.824;9.531.048;912.524.136;134.363.472;33.375.741;7.836.605;final
30.06.2022;139.373.184;31.893.192;30.121.056;10.075.656;1.005.890.280;136.720.536;31.921.475;8.213.090;final
29.06.2022;155.796.960;33.467.424;33.722.616;10.489.968;1.030.458.984;147.583.464;32.674.654;10.656.980;final
28.06.2022;152.399.664;31.535.736;34.433.880;9.669.936;982.766.496;142.493.040;36.841.190;8.886.180;final
27.06.2022;143.695.272;31.293.600;32.453.352;8.903.112;1.001.711.976;142.482.720;31.981.446;9.981.309;final
26.06.2022;135.229.968;31.265.472;29.623.512;9.054.168;763.539.168;115.244.424;29.718.979;5.599.520;final
25.06.2022;134.967.888;31.956.192;28.788.528;9.030.720;713.359.608;112.722.192;31.091.618;4.019.709;final
24.06.2022;144.809.664;33.763.536;31.393.512;10.008.696;938.497.296;134.625.768;33.427.217;4.374.396;final
23.06.2022;144.204.672;36.015.120;31.939.176;10.854.384;981.271.200;137.549.304;30.907.137;6.289.110;final
22.06.2022;164.619.528;37.997.712;38.619.120;11.565.672;1.069.963.536;142.791.216;38.453.737;8.358.854;final
21.06.2022;172.190.400;36.637.464;40.443.360;10.278.672;1.036.721.160;144.527.904;36.811.820;7.238.867;final
20.06.2022;159.950.160;34.911.504;40.529.736;9.075.192;997.689.168;145.757.616;39.086.156;9.106.646;final
19.06.2022;129.780.432;33.843.600;31.728.024;9.535.464;735.719.280;115.574.880;32.053.295;2.558.602;final
18.06.2022;123.938.160;34.698.120;26.137.008;10.289.904;686.705.592;111.570.072;31.571.168;2.095.059;final
17.06.2022;155.319.336;36.732.312;35.367.672;11.220.792;833.291.856;130.877.520;36.107.801;3.612.835;final
16.06.2022;173.330.712;40.380.264;41.278.392;13.056.144;842.908.080;129.048.432;37.609.224;2.766.894;final
15.06.2022;186.957.672;40.963.608;44.191.464;13.252.512;1.035.992.616;144.818.928;38.345.474;3.553.482;final
14.06.2022;218.760.480;42.040.032;51.809.784;12.214.488;1.094.196.408;151.571.712;41.014.878;2.375.542;final
13.06.2022;211.138.200;41.502.720;50.288.760;11.796.384;1.007.404.632;151.237.584;40.343.788;2.319.036;final
12.06.2022;178.688.352;40.254.792;42.715.464;13.463.208;780.353.520;120.930.096;38.311.118;2.262.611;final
11.06.2022;190.679.112;43.623.432;42.782.568;15.611.928;765.190.968;118.037.952;38.952.810;2.821.336;final
10.06.2022;227.831.832;42.730.752;50.284.680;14.894.952;970.361.976;141.934.152;40.520.910;2.405.417;final
09.06.2022;252.392.640;45.658.008;55.180.776;14.461.608;1.048.292.040;152.591.232;40.425.024;2.436.425;final
08.06.2022;231.176.400;42.720.816;54.330.696;14.203.848;1.064.724.408;150.874.944;39.874.233;4.412.242;final
07.06.2022;215.847.144;42.304.272;50.701.008;13.351.152;1.049.328.720;148.306.440;39.754.941;3.405.469;final
06.06.2022;186.663.984;42.360.960;44.689.128;14.032.272;772.950.024;109.716.480;35.805.148;2.319.237;final
05.06.2022;177.989.160;46.537.704;41.488.800;15.784.032;720.388.152;100.076.808;37.006.647;2.244.457;final
04.06.2022;199.219.272;53.696.688;46.407.912;18.794.232;781.346.448;111.643.368;41.115.246;2.379.658;final
03.06.2022;244.805.112;56.635.824;58.699.272;22.054.368;1.009.160.160;139.103.664;42.513.378;2.421.859;final
02.06.2022;323.304.024;63.709.512;75.806.088;23.506.728;1.112.641.752;158.242.224;43.600.803;4.120.456;final
01.06.2022;371.029.800;70.495.488;84.327.864;25.253.448;1.143.489.408;164.177.544;47.326.529;5.093.241;final
31.05.2022;421.654.128;72.920.160;96.411.024;24.697.896;1.139.473.728;172.668.480;51.964.461;9.960.332;final
30.05.2022;495.143.592;71.701.536;110.547.864;20.468.688;1.155.832.032;175.965.888;53.580.613;10.132.994;final
29.05.2022;459.617.616;65.307.096;102.588.408;19.119.936;883.306.464;143.176.728;52.516.750;5.157.660;final
28.05.2022;368.847.600;59.280.960;83.483.424;16.641.120;802.481.616;136.282.080;46.970.763;4.011.655;final
27.05.2022;294.566.664;56.178.504;68.484.792;16.707.912;854.131.152;139.072.848;46.860.410;3.961.647;final
26.05.2022;263.022.264;49.811.304;58.372.632;16.546.752;803.246.160;126.470.640;45.825.991;3.716.944;final
25.05.2022;266.851.992;46.799.160;63.442.056;13.900.368;952.514.520;152.947.104;47.163.068;6.141.790;final
24.05.2022;247.401.768;46.788.384;60.216.792;14.681.112;1.062.639.120;165.684.864;47.017.186;7.914.581;final
23.05.2022;221.272.032;47.362.344;55.016.976;14.894.016;1.001.096.784;156.043.824;46.313.767;4.109.514;final
22.05.2022;226.872.504;44.625.216;56.094.624;12.764.976;835.359.336;130.092.120;47.279.856;965.080;final
21.05.2022;199.333.920;41.393.112;52.771.608;12.008.280;781.338.528;131.115.936;40.936.123;1.015.188;final
20.05.2022;156.461.184;39.635.856;41.828.976;11.840.400;943.568.952;153.815.352;40.718.916;992.222;final
19.05.2022;153.871.176;43.944.240;33.048.912;13.083.648;1.060.441.800;161.043.696;43.106.061;1.109.897;final
18.05.2022;173.954.472;47.311.800;35.654.016;13.117.416;1.064.661.360;159.225.576;40.089.061;858.467;final
17.05.2022;214.929.840;51.585.576;47.979.528;15.185.856;1.115.052.576;165.399.792;41.169.694;994.944;final
16.05.2022;215.441.592;51.729.432;49.203.144;15.784.656;1.039.688.352;164.096.208;44.623.597;1.016.845;final
15.05.2022;228.698.760;54.940.968;52.704.408;17.317.272;831.572.136;129.763.944;38.339.324;965.825;final
14.05.2022;244.822.440;53.677.488;58.197.072;15.761.688;839.214.600;132.504.888;40.996.490;1.001.031;final
13.05.2022;246.224.640;52.971.840;61.389.960;14.334.480;974.305.848;161.760.600;45.458.562;1.094.809;final
12.05.2022;217.427.040;53.617.344;55.534.968;15.154.992;1.036.254.816;165.307.440;45.999.959;1.070.608;final
11.05.2022;201.213.096;57.228.120;47.674.344;18.165.624;991.500.840;162.881.496;45.791.009;920.264;final
10.05.2022;235.379.064;67.547.784;52.230.552;21.598.176;1.051.605.960;164.051.808;41.561.452;967.000;final
09.05.2022;306.272.040;73.373.040;71.022.408;21.867.048;1.108.380.984;166.042.248;47.221.715;6.039.851;final
08.05.2022;358.680.696;78.537.600;86.413.368;23.467.176;904.206.840;143.088.480;44.307.105;1.423.225;final
07.05.2022;356.530.560;78.681.144;81.139.656;26.043.984;864.750.576;135.379.224;44.302.004;909.303;final
06.05.2022;395.656.704;85.194.144;90.777.096;29.127.792;1.138.251.408;165.274.104;48.872.245;2.893.237;final
05.05.2022;457.469.544;88.825.464;110.212.968;29.997.648;1.210.493.448;176.122.272;48.338.343;2.471.383;final
04.05.2022;482.532.168;94.962.552;121.753.320;32.139.672;1.234.101.264;179.534.568;50.065.908;3.755.669;final
03.05.2022;507.371.808;110.929.656;123.469.848;37.246.728;1.212.805.368;177.856.872;50.999.336;1.379.566;final
02.05.2022;542.745.624;110.927.184;131.947.320;38.183.640;1.145.664.768;176.240.904;53.652.509;1.620.366;final
01.05.2022;581.240.664;107.315.376;144.476.352;37.481.304;924.975.000;139.381.488;53.074.356;2.133.307;final
30.04.2022;582.864.768;107.803.416;148.310.040;36.234.744;948.142.248;149.439.936;52.153.574;1.027.637;final
29.04.2022;575.754.312;118.016.376;143.628.888;38.380.152;1.135.911.840;184.599.024;54.736.573;3.346.914;final
28.04.2022;601.511.232;131.236.224;142.453.608;42.708.288;1.189.081.200;195.165.792;59.404.296;1.635.186;final
27.04.2022;651.253.320;129.272.880;147.021.456;40.277.136;1.291.557.744;195.364.440;59.517.061;4.379.992;final
26.04.2022;687.361.440;130.917.744;149.285.472;32.572.896;1.342.501.344;199.423.200;63.140.864;8.604.471;final
25.04.2022;659.051.256;129.541.272;143.173.128;32.655.648;1.305.025.440;197.034.384;67.946.774;7.987.453;final
24.04.2022;597.463.872;125.307.576;124.742.520;34.533.576;958.649.640;154.491.000;55.534.482;4.828.902;final
23.04.2022;525.523.416;123.656.664;113.527.008;34.053.600;897.003.624;148.533.216;52.932.096;4.066.877;final
22.04.2022;605.091.792;127.612.632;131.631.984;32.673.792;1.074.727.416;179.779.464;63.904.749;5.006.467;final
21.04.2022;672.583.176;128.566.920;141.871.560;33.204.792;1.200.715.248;189.723.240;64.492.165;7.774.063;final
20.04.2022;710.714.352;128.653.992;145.943.376;35.112.288;1.234.674.216;191.593.656;62.302.543;3.403.198;final
19.04.2022;718.079.040;145.427.088;143.517.120;36.977.688;1.203.443.832;186.157.464;57.611.478;3.040.341;final
18.04.2022;705.741.408;149.904.912;145.642.080;39.249.312;990.512.232;141.538.032;52.606.503;1.455.616;final
17.04.2022;718.311.168;145.141.680;154.303.320;40.106.376;921.268.848;134.974.440;51.747.938;987.316;final
16.04.2022;636.382.560;127.584.432;146.807.208;34.190.352;967.345.752;147.437.376;60.492.364;1.035.052;final
15.04.2022;506.904.816;118.724.856;123.995.736;33.587.616;990.789.072;151.746.720;65.280.650;3.915.359;final
14.04.2022;442.083.048;123.163.944;101.982.024;38.100.912;1.138.714.680;170.418.024;58.188.021;6.649.982;final
13.04.2022;518.966.376;146.121.216;112.318.776;53.191.104;1.232.730.696;180.560.064;65.897.858;6.108.086;final
12.04.2022;740.509.560;189.344.808;158.801.088;66.764.136;1.209.891.600;188.323.824;72.622.647;1.249.846;final
11.04.2022;1.004.188.656;207.316.680;226.979.352;71.190.816;1.333.220.112;210.640.752;82.468.056;6.440.824;final
10.04.2022;1.085.501.040;206.576.304;254.217.312;71.712.672;1.184.565.144;193.032.816;76.490.549;5.370.961;final
09.04.2022;998.696.520;192.169.080;243.133.656;67.241.808;1.146.575.904;191.467.992;70.019.810;4.370.473;final
08.04.2022;897.243.240;189.754.728;225.046.992;68.938.776;1.327.416.768;218.227.344;80.018.255;6.145.382;final
07.04.2022;813.772.920;196.261.704;204.834.744;70.198.584;1.269.153.552;223.713.120;66.032.781;4.969.298;final
06.04.2022;870.791.664;217.724.352;207.068.208;84.073.104;1.241.975.520;218.558.856;69.599.606;2.334.685;final
05.04.2022;1.126.881.168;221.885.136;252.084.648;78.807.024;1.371.255.840;224.447.784;85.110.186;4.363.423;final
04.04.2022;1.379.400.720;248.072.376;306.159.984;89.841.096;1.397.452.992;241.996.680;79.432.461;1.813.418;final
03.04.2022;1.442.395.632;255.810.264;322.442.184;91.453.680;1.287.982.320;198.992.592;82.246.071;1.306.201;final
02.04.2022;1.375.120.416;229.551.192;310.202.496;72.887.832;1.343.439.144;204.673.032;90.044.511;1.352.399;final
01.04.2022;1.249.863.072;201.292.344;302.012.568;56.435.544;1.463.695.992;241.525.488;83.185.787;4.573.375;final
31.03.2022;1.024.936.440;179.171.784;268.410.576;50.451.312;1.481.403.072;228.501.624;82.718.595;3.212.303;final
30.03.2022;874.279.944;164.445.072;232.764.360;44.527.152;1.514.481.168;209.748.432;82.014.601;6.043.749;final
29.03.2022;702.097.728;149.896.800;185.236.128;42.082.104;1.442.280.792;201.039.648;75.281.681;8.418.082;final
28.03.2022;662.688.960;141.924.816;172.188.888;42.432.504;1.324.367.280;195.144.888;70.306.683;6.133.535;final
27.03.2022;676.324.992;143.501.112;168.342.672;46.464.192;1.103.791.872;165.783.744;71.133.322;1.346.068;final
26.03.2022;681.529.537;143.238.733;161.803.666;45.259.561;1.036.852.075;157.417.198;65.434.072;1.048.753;final
25.03.2022;739.701.240;153.309.864;169.557.480;48.190.416;1.288.944.888;196.914.048;72.003.613;4.838.677;final
24.03.2022;760.923.072;160.463.496;169.187.304;48.827.520;1.431.032.208;213.792.168;79.089.234;6.623.968;final
23.03.2022;798.448.056;168.727.776;173.318.808;52.268.760;1.438.273.344;211.331.760;79.840.091;6.492.778;final
22.03.2022;864.306.264;187.305.288;182.851.056;64.014.120;1.482.416.640;207.943.488;78.492.283;6.558.115;final
21.03.2022;929.298.264;199.276.608;201.310.944;62.603.088;1.463.557.104;208.861.632;81.528.059;6.517.760;final
20.03.2022;976.385.472;203.980.056;236.098.296;65.219.712;1.146.822.312;188.821.056;72.132.407;1.487.856;final
19.03.2022;973.051.416;213.910.608;232.537.224;71.798.976;1.143.484.536;188.950.368;66.796.812;1.206.113;final
18.03.2022;919.699.104;200.974.896;228.906.024;64.093.824;1.414.040.808;223.534.776;78.043.844;4.286.692;final
17.03.2022;878.318.856;198.236.688;216.732.552;71.923.584;1.524.605.352;232.255.224;85.291.361;6.981.021;final
16.03.2022;869.767.872;194.482.608;208.118.232;63.519.288;1.425.170.568;222.355.920;85.666.391;4.995.309;final
15.03.2022;975.790.392;200.232.648;228.614.760;59.440.416;1.612.838.880;235.222.512;79.774.647;11.624.109;final
14.03.2022;992.366.184;213.190.032;217.747.296;61.536.048;1.528.007.616;226.082.808;86.773.426;8.529.732;final
13.03.2022;1.029.926.328;227.661.912;213.595.176;68.267.688;1.171.903.176;179.297.904;73.491.779;1.581.511;final
12.03.2022;1.109.001.168;231.922.392;236.478.792;75.690.768;1.178.680.080;179.868.048;76.355.258;1.272.871;final
11.03.2022;1.206.205.200;247.610.568;255.039.120;79.275.720;1.342.824.936;216.717.192;76.263.517;1.416.346;final
10.03.2022;1.211.045.136;258.074.184;263.936.496;86.182.728;1.423.977.960;228.066.336;82.767.015;3.724.614;final
09.03.2022;1.340.855.040;269.590.680;303.824.256;93.321.792;1.538.901.360;237.811.992;89.530.637;4.404.350;final
08.03.2022;1.467.137.904;285.003.696;336.256.704;95.368.152;1.582.127.088;250.306.392;95.204.362;8.635.235;final
07.03.2022;1.553.107.872;278.524.056;360.675.120;90.528.864;1.724.270.952;254.690.400;99.124.581;9.233.951;final
06.03.2022;1.514.428.032;282.794.664;353.494.296;90.306.840;1.435.577.952;217.333.080;103.220.367;2.064.950;final
05.03.2022;1.457.820.936;275.175.936;338.725.800;87.441.048;1.393.016.520;212.631.888;103.049.279;1.432.018;final
04.03.2022;1.442.474.328;272.186.160;333.258.648;86.206.584;1.625.984.160;251.298.144;106.561.168;5.694.566;final
03.03.2022;1.400.131.920;270.080.736;317.478.984;89.217.336;1.649.537.184;250.155.576;109.105.579;5.255.418;final
02.03.2022;1.405.140.480;275.191.704;318.197.640;88.047.216;1.766.454.936;245.082.816;99.833.919;6.339.039;final
01.03.2022;1.447.126.272;273.932.904;328.517.304;90.216.552;1.745.169.480;245.841.192;105.518.104;9.889.387;final
28.02.2022;1.440.137.952;278.678.160;330.689.496;93.070.704;1.594.646.184;242.348.256;97.383.880;7.746.848;final
27.02.2022;1.377.681.528;271.807.800;325.921.056;97.036.152;1.346.141.928;216.533.448;89.678.097;2.151.818;final
26.02.2022;1.300.333.944;249.027.576;317.711.376;86.593.704;1.384.159.776;219.444.792;96.063.470;4.455.531;final
25.02.2022;1.236.448.056;244.163.040;308.021.952;80.748.672;1.524.542.808;248.508.120;97.070.920;4.899.677;final
24.02.2022;1.101.627.720;247.403.616;281.761.680;90.567.264;1.485.898.344;247.573.704;86.832.260;4.085.375;final
23.02.2022;1.132.143.072;258.754.176;282.406.632;94.214.088;1.533.606.912;238.610.184;96.718.633;4.446.232;final
22.02.2022;1.147.187.304;244.272.312;285.356.832;84.409.944;1.515.991.728;246.873.456;93.870.123;4.478.051;final
21.02.2022;1.120.032.288;248.890.032;281.308.968;85.493.928;1.493.573.376;251.943.240;88.029.528;4.655.350;final
20.02.2022;1.013.506.296;235.871.400;251.233.824;79.966.416;1.205.058.072;200.434.944;79.893.414;1.218.972;final
19.02.2022;1.042.427.088;234.675.552;265.885.560;78.213.672;1.233.269.976;197.233.944;83.403.649;1.209.806;final
18.02.2022;937.336.680;226.961.784;242.808.816;75.373.608;1.404.318.480;224.461.848;89.722.289;3.864.838;final
17.02.2022;931.668.528;233.679.288;232.398.456;84.062.232;1.423.279.416;232.104.840;83.133.296;5.210.416;final
16.02.2022;987.367.776;232.545.144;229.951.464;81.608.976;1.465.851.600;229.370.616;85.198.492;5.990.313;final
15.02.2022;1.169.527.584;253.484.352;274.325.688;90.046.392;1.518.059.712;241.523.424;92.568.841;7.770.128;final
14.02.2022;1.223.032.368;264.204.792;280.767.384;97.869.000;1.479.819.624;237.813.936;88.310.228;6.689.299;final
13.02.2022;1.355.781.720;277.637.520;326.128.872;96.569.784;1.289.995.392;209.612.784;86.403.175;4.362.986;final
12.02.2022;1.409.798.136;265.288.056;343.149.264;92.121.672;1.375.277.808;219.872.544;98.042.730;6.888.727;final
11.02.2022;1.295.344.392;253.325.568;316.942.368;85.542.336;1.626.591.384;248.308.440;105.879.033;11.304.840;final
10.02.2022;1.146.690.480;250.371.864;276.311.640;87.024.984;1.611.461.544;244.213.128;100.408.823;12.560.022;final
09.02.2022;1.097.670.192;259.681.176;248.280.168;95.698.488;1.524.117.336;236.348.808;98.775.973;7.831.430;final
08.02.2022;1.207.560.360;261.329.088;278.749.632;94.717.704;1.500.615.672;238.056.216;98.486.648;5.318.046;final
07.02.2022;1.292.908.296;269.583.792;309.650.064;92.581.656;1.588.630.968;252.535.872;105.210.815;6.692.488;final
06.02.2022;1.212.449.976;264.500.352;290.078.664;91.461.000;1.307.608.056;211.752.624;87.775.310;2.034.754;final
05.02.2022;1.217.119.704;260.564.976;295.743.288;89.173.896;1.312.396.440;204.172.824;88.941.399;1.409.770;final
04.02.2022;1.147.344.528;263.861.376;280.592.376;90.102.984;1.491.801.768;239.812.320;95.070.661;4.660.621;final
03.02.2022;1.172.277.240;280.496.448;276.487.848;99.013.728;1.650.689.304;242.838.336;105.039.606;6.930.796;final
02.02.2022;1.263.136.440;283.465.848;297.311.088;102.961.632;1.638.466.536;247.954.920;99.695.515;6.985.682;final
01.02.2022;1.369.581.960;283.160.664;318.280.848;97.375.680;1.610.157.240;257.181.000;94.696.884;4.915.970;final
31.01.2022;1.358.666.832;275.643.024;320.480.640;91.846.656;1.698.135.144;260.012.256;108.871.095;8.885.393;final
30.01.2022;1.230.964.344;275.284.584;289.894.776;97.994.040;1.339.292.928;212.862.312;91.148.756;1.974.979;final
29.01.2022;1.232.890.368;276.770.376;274.765.272;101.726.856;1.301.899.368;203.994.816;85.194.238;1.252.430;final
28.01.2022;1.394.762.928;292.807.632;324.772.200;109.532.808;1.631.527.128;248.602.896;100.862.669;6.837.580;final
27.01.2022;1.458.251.496;291.264.864;340.044.696;104.874.120;1.661.413.944;264.478.080;98.593.569;7.429.954;final
26.01.2022;1.500.926.208;286.944.648;366.428.904;98.793.000;1.813.442.880;274.147.968;105.567.409;9.123.087;final
25.01.2022;1.442.775.384;274.954.176;356.346.264;95.860.776;1.942.353.048;269.767.752;109.554.141;13.629.190;final
24.01.2022;1.359.135.696;278.446.608;333.012.528;102.219.672;1.927.171.608;261.755.208;98.594.788;11.035.851;final
23.01.2022;1.297.846.776;291.409.608;302.893.608;106.596.432;1.586.825.256;219.889.512;98.380.508;6.247.778;final
22.01.2022;1.368.651.864;301.322.544;312.685.320;108.633.096;1.577.563.560;220.550.352;102.929.360;9.274.474;final
21.01.2022;1.528.137.960;302.634.888;353.307.840;103.749.096;1.705.124.472;270.631.392;109.339.352;8.563.645;final
20.01.2022;1.500.690.648;293.761.608;357.169.104;97.064.088;1.693.658.424;277.694.616;109.840.073;8.363.136;final
19.01.2022;1.414.843.824;289.847.832;326.858.952;100.347.672;1.652.010.408;268.476.264;98.569.923;6.317.087;final
18.01.2022;1.367.301.528;286.557.048;308.369.112;103.623.984;1.848.592.584;257.064.840;108.831.934;10.806.680;final
17.01.2022;1.395.135.000;289.103.832;317.658.408;107.865.768;1.666.719.096;261.076.800;108.531.811;6.609.776;final
16.01.2022;1.448.530.800;294.736.128;329.901.072;109.745.352;1.407.697.800;229.476.792;101.814.174;2.347.757;final
15.01.2022;1.436.810.016;293.424.264;326.887.272;109.547.952;1.611.740.208;230.454.624;108.084.355;8.049.409;final
14.01.2022;1.469.590.416;295.043.976;344.304.456;110.562.456;1.820.945.136;265.982.160;105.884.201;11.819.919;final
13.01.2022;1.535.342.064;305.525.544;363.228.432;110.250.504;1.818.090.960;279.189.120;106.065.037;7.330.633;final
12.01.2022;1.597.708.992;310.762.920;375.149.400;109.142.832;1.907.963.976;276.664.200;117.776.909;11.425.222;final
11.01.2022;1.565.457.048;305.217.288;381.772.800;103.938.768;1.933.390.296;279.831.168;122.894.430;10.610.562;final
10.01.2022;1.520.064.576;301.303.848;361.048.536;106.098.432;1.905.895.728;273.594.432;109.288.043;9.469.237;final
09.01.2022;1.453.468.920;299.954.808;343.072.560;104.582.520;1.455.293.448;226.174.128;102.818.667;7.818.560;final
08.01.2022;1.476.720.144;296.018.784;352.093.944;102.409.512;1.386.697.704;227.054.064;96.921.419;4.797.363;final
07.01.2022;1.488.568.944;289.610.304;353.973.912;98.081.544;1.559.467.632;258.681.096;106.957.284;6.136.984;final
06.01.2022;1.404.215.472;263.213.040;344.613.216;84.945.576;1.604.591.400;262.689.408;103.616.686;7.957.220;final
05.01.2022;1.194.882.216;231.132.480;298.354.176;73.731.888;1.493.603.952;260.431.368;90.034.603;3.245.338;final
04.01.2022;934.979.880;207.329.832;239.867.496;64.560.072;1.460.821.536;237.361.656;89.847.417;7.264.648;final
03.01.2022;814.063.584;193.241.952;197.749.704;57.338.592;1.297.597.584;217.828.680;73.751.664;2.494.798;final
02.01.2022;737.112.408;189.300.696;166.005.456;58.329.192;1.054.338.288;169.436.136;67.322.647;1.258.846;final
01.01.2022;707.241.936;194.952.192;152.914.248;61.164.840;990.019.224;146.044.368;64.446.163;1.011.408;final
31.12.2021;691.551.240;216.615.864;151.137.288;73.297.296;981.737.760;145.013.976;66.357.903;1.015.123;final
30.12.2021;805.323.120;248.460.192;186.243.864;81.398.280;1.094.877.384;165.471.576;73.647.034;1.064.952;final
29.12.2021;1.109.893.344;296.079.384;262.577.808;94.983.648;1.255.092.888;186.350.616;93.231.073;1.347.840;final
28.12.2021;1.259.109.960;321.992.736;302.830.152;105.756.024;1.306.378.152;195.777.360;95.977.758;1.263.340;final
27.12.2021;1.461.544.800;313.037.616;369.750.216;105.060.912;1.403.880.432;203.486.688;106.670.730;7.110.874;final
26.12.2021;1.558.682.760;304.561.584;399.437.496;94.279.536;1.323.724.032;198.493.008;101.996.432;8.241.872;final
25.12.2021;1.513.677.096;325.079.640;374.716.656;111.076.800;1.300.287.408;195.689.088;101.253.685;5.455.418;final
24.12.2021;1.400.299.104;319.309.632;328.658.568;120.387.024;1.212.653.160;175.047.888;95.957.379;1.231.146;final
23.12.2021;1.635.335.976;328.255.464;398.138.016;114.334.608;1.489.535.160;219.543.984;105.492.466;7.724.299;final
22.12.2021;1.738.054.704;314.148.624;424.359.888;103.150.968;1.835.774.856;257.519.976;118.730.653;9.154.031;final
21.12.2021;1.637.462.640;284.816.928;394.929.672;91.217.928;1.943.119.032;260.988.888;120.553.749;11.924.372;final
20.12.2021;1.394.152.128;266.850.792;322.413.000;85.522.752;1.864.037.136;247.382.616;116.015.184;11.160.170;final
19.12.2021;1.140.786.096;242.693.136;245.705.400;78.607.344;1.355.248.104;198.660.264;104.247.182;1.250.926;final
18.12.2021;1.065.161.832;236.653.080;222.269.328;75.797.784;1.428.079.440;196.715.304;104.286.161;1.271.213;final
17.12.2021;1.061.160.480;238.577.064;231.882.048;78.679.968;1.660.189.872;225.187.248;107.773.074;5.583.185;final
16.12.2021;1.087.393.776;240.796.320;235.223.520;82.692.648;1.694.478.504;231.261.816;100.482.231;9.080.723;final
15.12.2021;1.092.807.144;241.910.112;239.284.560;83.995.872;1.691.927.328;230.985.456;93.520.228;8.308.101;final
14.12.2021;1.157.818.896;270.567.984;256.789.224;92.622.384;1.734.465.384;237.210.168;95.863.557;9.479.383;final
13.12.2021;1.221.362.760;293.520.792;266.473.128;103.879.008;1.706.904.984;241.767.504;94.162.602;9.873.820;final
12.12.2021;1.375.497.816;304.814.616;313.383.192;104.853.096;1.418.007.552;215.772.840;97.129.361;7.044.156;final
11.12.2021;1.483.907.328;312.263.784;353.371.128;104.679.672;1.569.522.120;228.341.424;104.525.922;10.256.523;final
10.12.2021;1.512.376.128;309.881.328;355.915.248;101.703.240;1.851.420.648;261.255.336;115.113.388;12.297.620;final
09.12.2021;1.492.009.416;311.717.016;350.650.368;102.340.272;1.912.039.632;265.718.808;121.240.981;6.701.297;final
08.12.2021;1.483.389.312;310.164.072;347.348.400;102.572.808;1.823.234.208;265.334.424;119.806.620;5.623.143;final
07.12.2021;1.501.543.440;300.816.192;355.648.416;98.379.384;1.816.488.528;266.918.736;112.061.498;7.861.057;final
06.12.2021;1.507.268.184;294.841.632;362.260.368;98.404.056;1.873.094.952;266.311.920;109.310.065;9.402.420;final
05.12.2021;1.386.563.856;300.129.360;334.943.544;104.094.936;1.538.820.168;223.188.144;107.093.412;7.810.483;final
04.12.2021;1.329.805.608;292.007.112;329.870.760;102.184.320;1.493.187.864;220.327.872;98.825.207;9.044.865;final
03.12.2021;1.447.319.256;277.372.608;347.826.408;92.217.600;1.677.866.160;266.216.616;109.778.222;7.749.932;final
02.12.2021;1.367.218.896;286.045.560;328.409.352;95.648.904;1.815.862.080;277.076.328;109.830.135;10.038.967;final
01.12.2021;1.223.715.888;280.544.016;284.948.616;101.507.568;1.535.506.056;260.857.032;86.442.638;3.762.094;final
30.11.2021;1.418.486.520;280.105.464;325.564.632;97.595.976;1.645.656.864;258.750.456;102.036.812;4.380.865;final
29.11.2021;1.549.780.680;277.970.016;371.683.656;97.125.216;1.824.350.040;272.283.288;108.599.002;9.115.018;final
28.11.2021;1.488.338.664;271.999.368;352.598.856;96.774.552;1.544.210.640;223.999.128;103.755.297;9.156.639;final
27.11.2021;1.416.795.984;265.711.272;341.154.816;93.794.760;1.538.903.400;215.460.192;103.124.563;9.927.902;final
26.11.2021;1.438.396.992;250.817.064;340.915.176;90.858.888;1.665.577.224;249.268.776;110.756.701;8.294.726;final
25.11.2021;1.413.418.536;254.082.384;327.345.192;92.507.376;1.813.216.872;255.705.192;112.254.353;9.504.699;final
24.11.2021;1.314.354.264;246.970.104;299.507.520;88.060.464;1.823.374.896;250.899.456;112.402.401;9.682.631;final
23.11.2021;1.276.534.176;209.582.688;296.007.144;76.352.520;1.819.878.528;254.146.128;114.112.240;9.327.891;final
22.11.2021;1.170.894.192;187.483.608;284.385.696;69.888.792;1.720.085.136;256.916.256;112.425.689;6.058.919;final
21.11.2021;992.823.336;195.018.744;223.886.688;68.286.360;1.337.714.808;203.414.904;91.593.546;4.463.185;final
20.11.2021;894.757.272;219.352.872;194.220.264;74.859.936;1.203.688.536;191.740.704;80.623.334;988.797;final
19.11.2021;929.355.672;234.300.000;205.891.080;79.800.480;1.375.220.160;223.277.568;86.205.154;3.880.009;final
18.11.2021;1.046.406.096;232.909.632;246.753.024;81.734.208;1.434.720.552;242.318.424;91.745.086;4.026.372;final
17.11.2021;1.079.940.288;228.838.368;260.052.600;78.886.920;1.563.451.680;246.604.800;103.097.238;7.083.032;final
16.11.2021;1.118.622.672;216.674.136;274.620.984;73.415.568;1.714.843.728;253.306.608;116.229.008;9.146.681;final
15.11.2021;1.070.650.632;215.662.656;261.407.088;75.062.736;1.733.771.496;246.256.416;108.689.146;9.525.481;final
14.11.2021;1.022.196.600;223.839.408;234.937.152;80.828.520;1.323.334.656;202.193.808;100.125.061;6.388.241;final
13.11.2021;1.073.603.400;228.304.560;237.563.928;82.172.832;1.359.966.672;200.719.176;98.512.714;5.168.925;final
12.11.2021;1.178.251.200;230.068.104;267.036.120;81.135.384;1.597.771.992;234.584.208;98.359.431;7.635.338;final
11.11.2021;1.149.003.216;212.099.592;255.827.640;72.308.112;1.733.540.448;246.954.384;103.707.942;9.791.581;final
10.11.2021;1.128.184.080;207.031.968;250.756.536;70.099.248;1.730.870.040;244.257.840;110.940.886;9.697.350;final
09.11.2021;1.031.923.416;202.597.752;226.264.608;67.607.544;1.598.277.456;235.690.992;86.889.199;4.167.001;final
08.11.2021;1.001.824.056;194.410.200;217.761.936;67.388.616;1.620.937.008;232.673.520;93.170.409;8.432.149;final
07.11.2021;968.259.600;199.264.968;213.391.872;70.282.488;1.192.027.896;189.651.024;71.287.290;1.115.965;final
06.11.2021;980.753.232;205.047.384;223.209.552;72.228.936;1.203.532.248;186.888.168;68.081.265;1.248.293;final
05.11.2021;1.013.489.280;191.972.424;239.307.192;68.940.864;1.460.951.544;223.168.848;84.320.792;2.615.083;final
04.11.2021;1.012.018.968;178.921.392;248.701.200;63.709.608;1.540.422.168;238.376.496;86.822.611;4.137.227;final
03.11.2021;910.767.552;165.448.392;222.293.112;53.653.128;1.604.412.480;235.284.984;92.158.005;9.172.796;final
02.11.2021;793.278.312;139.059.048;187.552.776;49.452.552;1.531.503.456;225.998.784;86.998.204;9.102.245;final
01.11.2021;660.993.816;153.006.240;150.750.792;48.777.912;1.200.858.240;191.417.352;67.176.520;1.528.451;final
31.10.2021;601.746.120;157.767.048;131.832.576;47.608.608;1.004.279.616;165.028.896;49.535.394;897.596;final
30.10.2021;693.388.525;158.549.575;142.576.300;53.340.000;1.141.461.600;178.533.425;52.779.556;398.417;final
29.10.2021;714.381.144;154.230.576;140.581.416;48.576.552;1.266.419.640;200.808.264;62.517.559;1.046.193;final
28.10.2021;721.365.576;165.495.168;147.635.256;51.529.752;1.338.554.400;216.712.968;60.689.175;1.064.224;final
27.10.2021;710.542.416;183.899.472;148.804.128;57.868.392;1.324.250.880;217.215.840;63.087.374;1.160.197;final
26.10.2021;799.004.400;181.761.312;179.874.432;62.898.384;1.370.590.032;222.373.728;62.482.470;1.183.611;final
25.10.2021;897.673.584;182.121.192;206.832.504;61.394.208;1.429.053.936;230.189.184;70.756.436;1.137.227;final
24.10.2021;897.788.328;182.825.736;210.038.952;62.312.448;1.146.193.056;193.195.152;56.535.561;1.033.558;final
23.10.2021;801.503.448;145.530.312;196.690.608;55.677.936;1.180.449.264;188.425.176;62.250.727;1.058.256;final
22.10.2021;721.297.704;120.055.344;180.339.240;43.286.088;1.236.953.568;217.993.848;68.474.923;1.109.505;final
21.10.2021;540.506.616;136.590.480;140.000.400;47.654.136;1.210.800.672;220.681.200;60.405.719;1.084.781;final
20.10.2021;463.895.304;148.536.120;105.959.304;50.765.784;1.121.849.256;199.811.976;50.544.543;982.945;final
19.10.2021;591.168.528;157.522.056;130.621.392;53.566.368;1.249.449.552;204.525.984;58.150.553;899.781;final
18.10.2021;719.518.320;156.857.424;164.622.144;56.850.120;1.320.371.328;210.285.816;60.227.949;2.354.060;final
17.10.2021;759.338.784;151.786.488;178.042.296;52.214.304;1.114.544.952;175.530.840;59.146.674;822.556;final
16.10.2021;752.227.224;153.318.864;178.199.832;50.337.648;1.115.873.952;178.449.384;62.278.900;4.207.334;final
15.10.2021;712.547.856;160.743.912;157.167.360;53.298.552;1.230.490.536;207.473.928;67.150.887;5.915.563;final
14.10.2021;743.877.600;156.964.704;156.445.992;50.777.208;1.283.922.024;214.595.280;79.642.849;5.108.551;final
13.10.2021;821.896.728;152.044.944;179.041.200;44.352.600;1.383.536.448;222.256.128;88.165.777;6.513.652;final
12.10.2021;777.126.048;147.323.376;170.655.048;44.229.216;1.309.038.360;221.130.816;103.914.428;6.272.115;final
11.10.2021;750.853.200;134.943.288;161.621.664;40.620.240;1.279.883.568;211.004.448;71.052.841;2.961.588;final
10.10.2021;734.227.992;122.427.000;165.803.304;41.307.456;1.055.106.000;177.506.400;67.107.986;2.419.848;final
09.10.2021;612.888.312;117.910.488;144.114.936;40.187.160;1.012.476.312;170.849.400;64.775.563;2.389.409;final
08.10.2021;554.552.952;114.103.776;132.398.952;42.694.632;1.226.739.888;201.762.672;72.786.945;2.034.939;final
07.10.2021;557.224.752;106.540.272;130.965.696;35.016.264;1.313.485.920;208.674.312;73.668.268;5.578.358;final
06.10.2021;501.258.936;92.572.560;121.272.024;33.022.416;1.232.041.392;209.218.080;66.434.824;2.514.251;final
05.10.2021;424.557.288;80.769.072;105.016.464;28.528.296;1.130.426.928;197.177.688;63.271.859;2.433.560;final
04.10.2021;360.371.664;85.503.624;87.568.008;31.572.408;1.153.759.152;194.356.848;64.817.214;2.447.048;final
03.10.2021;304.357.608;93.810.216;77.725.944;30.172.176;872.017.872;152.557.392;47.209.353;2.216.721;final
02.10.2021;384.135.768;102.041.568;92.174.112;32.448.840;868.508.208;154.924.416;51.829.781;2.228.264;final
01.10.2021;469.806.696;91.947.888;109.932.216;30.113.544;1.054.848.720;189.006.096;58.543.425;2.384.881;final